SMILE,IP,EA,HomoLumoGap
CCF,0.433805792,-0.17981974,0.42342
FCF,0.462918286,-0.199084955,0.44413
FC=C,0.374239189,-0.126129428,0.2816
CC(C)F,0.417197329,-0.165722004,0.4093
CC(F)F,0.440444723,-0.184974822,0.43555
FC(F)F,0.513510646,-0.220824962,0.50546
CC(F)=C,0.349939495,-0.122900728,0.27557
FC(F)=C,0.37492897,-0.134352573,0.28943
CCCF,0.419497081,-0.161103051,0.40528
NCCF,0.354896167,-0.147467765,0.31301
OCCF,0.391477429,-0.143258194,0.3368
FCCF,0.431162013,-0.177050149,0.41787
FCC=C,0.361706633,-0.112375264,0.27758
FCC=O,0.381879641,-0.063878729,0.22666
FCC#N,0.450544735,-0.088827398,0.32802
FCC#C,0.383764478,-0.110853179,0.29254
CC=CF,0.346065351,-0.126939245,0.27403
FC=CF,0.367523528,-0.126424075,0.27375
CC(C)(C)F,0.404788216,-0.150786194,0.3949
CC(C)(F)F,0.422811667,-0.165456153,0.41704
CC(F)(F)F,0.482136601,-0.188759976,0.48058
FC(F)(F)F,0.552391859,-0.300661649,0.60756
CC(C)CF,0.408867301,-0.15165788,0.39583
CC(N)CF,0.341911541,-0.146340007,0.31189
CC(O)CF,0.374030464,-0.154011478,0.34825
CCC(C)F,0.401587642,-0.161381095,0.40325
CC(F)CN,0.343390755,-0.151211594,0.31702
CC(F)CO,0.377065354,-0.156294019,0.3527
CC(F)CF,0.414188763,-0.160386649,0.40187
CCC(F)F,0.420963226,-0.167352194,0.41537
NCC(F)F,0.361840015,-0.153892422,0.32401
OCC(F)F,0.403194963,-0.141843475,0.34338
FCC(F)F,0.437762761,-0.170796351,0.40608
CC(F)C=C,0.355757884,-0.105342882,0.27583
CC(F)C=O,0.370469873,-0.060888563,0.22389
CC(F)C#N,0.435743279,-0.095539244,0.33309
FC(F)C=C,0.38925826,-0.087753393,0.27717
FC(F)C=O,0.394949313,-0.044936791,0.21856
FC(F)C#N,0.47997149,-0.084506844,0.34786
CC(F)C#C,0.375344397,-0.115055722,0.29793
FC(F)C#C,0.412714337,-0.105266122,0.30841
CC(=C)CF,0.343504092,-0.108313131,0.27078
CC(=O)CF,0.358506991,-0.072529287,0.23095
NC(=N)CF,0.342824796,-0.118877897,0.27006
NC(=O)CF,0.361754893,-0.121666218,0.27965
OC(=O)CF,0.394176029,-0.100408275,0.28177
CCC(F)=C,0.34516766,-0.115266548,0.27388
NCC(F)=C,0.332311078,-0.107847313,0.26098
OCC(F)=C,0.344190531,-0.124183462,0.2773
FCC(F)=C,0.362407217,-0.113129705,0.27792
FC(=C)C=C,0.324203661,-0.053879704,0.2046
FC(=C)C=O,0.382145897,-0.015867202,0.19656
FC(=C)C#N,0.388630384,-0.032635446,0.23014
FC(=C)C#C,0.340496219,-0.057135402,0.21752
CC(C)=CF,0.327689479,-0.122111526,0.26718
CC=C(C)F,0.326003971,-0.123519474,0.26765
CC(F)=CF,0.343198668,-0.125907502,0.27036
CC=C(F)F,0.347054243,-0.134677587,0.28186
FC=C(F)F,0.367549159,-0.134685186,0.28049
CCCCF,0.409832781,-0.15536525,0.40051
NCCCF,0.340433128,-0.157099293,0.31714
OCCCF,0.376991841,-0.15092336,0.34203
FCCCF,0.41491516,-0.164329708,0.41054
CNCCF,0.322728308,-0.162781533,0.31454
COCCF,0.36548901,-0.154813469,0.34112
FCCC=C,0.356793877,-0.101594177,0.2734
FCCC=O,0.370424253,-0.07130831,0.2321
FCCC#N,0.432749447,-0.112810739,0.35114
FCCC#C,0.371994026,-0.132104982,0.31447
CCC=CF,0.341102355,-0.117214153,0.27173
NCC=CF,0.331231056,-0.107931308,0.25979
OCC=CF,0.336709915,-0.12814952,0.27303
CC=CCF,0.337472087,-0.114221474,0.2709
FCC=CF,0.355984581,-0.11640851,0.27393
NN=CCF,0.335322348,-0.088619103,0.23355
ON=CCF,0.371621936,-0.081609031,0.25292
COC=CF,0.320122214,-0.125969479,0.25557
FC=CC=C,0.314945716,-0.063063371,0.20421
FC=CC=O,0.362366505,-0.030393056,0.19741
FC=CC#N,0.381506452,-0.039333904,0.22992
FC=CC#C,0.331215575,-0.064096175,0.2141
CC#CCF,0.353604637,-0.112113822,0.28271
CC(C)(C)CF,0.399816352,-0.142623389,0.38404
CC(C)(N)CF,0.336424477,-0.139580936,0.30829
CC(C)(O)CF,0.370786118,-0.140231088,0.34016
CCC(C)(C)F,0.389346311,-0.143061827,0.38226
CC(C)(F)CN,0.338691759,-0.146687532,0.31495
CC(C)(F)CO,0.368504654,-0.14888782,0.34815
CC(C)(F)CF,0.402842619,-0.15012132,0.39099
CCC(C)(F)F,0.408443321,-0.158890969,0.40828
CC(F)(F)CN,0.353844947,-0.147868583,0.32198
CC(F)(F)CO,0.383993502,-0.156101626,0.35814
CC(F)(F)CF,0.421556293,-0.158682091,0.40161
CCC(F)(F)F,0.450931983,-0.167241194,0.44824
NCC(F)(F)F,0.369474041,-0.147325035,0.3228
OCC(F)(F)F,0.415919381,-0.136596445,0.34557
FCC(F)(F)F,0.46584651,-0.167707412,0.42805
CC(C)(F)C=C,0.350731773,-0.105664725,0.27642
CC(C)(F)C=O,0.360568506,-0.061134388,0.22285
CC(C)(F)C#N,0.423622425,-0.098662133,0.33613
CC(F)(F)C=C,0.379610891,-0.088393814,0.27683
CC(F)(F)C=O,0.38309403,-0.048042002,0.2197
CC(F)(F)C#N,0.46111344,-0.091484618,0.34992
FC(F)(F)C=C,0.403767413,-0.076664488,0.27804
FC(F)(F)C=O,0.4108146,-0.036681798,0.22269
FC(F)(F)C#N,0.401304669,0.05629626,0.14882
CC(C)(F)C#C,0.368269826,-0.11634807,0.30096
CC(F)(F)C#C,0.404481839,-0.109652876,0.31025
FC(F)(F)C#C,0.42854938,-0.10028996,0.31574
CC(C)CCF,0.392247868,-0.142894588,0.3855
CC(N)CCF,0.34128601,-0.139511437,0.31036
CC(O)CCF,0.367925519,-0.13916409,0.33909
CCCC(C)F,0.398046442,-0.15677611,0.40096
CC(F)CCN,0.33671051,-0.153441263,0.31707
CC(F)CCO,0.36254328,-0.148137725,0.33957
CC(F)CCF,0.400408297,-0.150265131,0.39177
CCCC(F)F,0.409667117,-0.159231264,0.40934
NCCC(F)F,0.350912436,-0.152398177,0.31875
OCCC(F)F,0.379332294,-0.143363674,0.34255
FCCC(F)F,0.418197288,-0.164227861,0.40977
CNCC(C)F,0.318018974,-0.153455286,0.30862
CNCC(F)F,0.333807802,-0.157089966,0.31696
COCC(C)F,0.360636474,-0.152190262,0.34264
COCC(F)F,0.37358577,-0.153791458,0.34724
CN(C)CCF,0.308475934,-0.143751571,0.2943
CC(F)CC=C,0.34717927,-0.107046125,0.27421
CC(F)CC=O,0.354957952,-0.071067335,0.22456
CC(F)CC#N,0.413699674,-0.110499515,0.34829
FC(F)CC=C,0.362415792,-0.097468382,0.27417
FC(F)CC=O,0.3754659,-0.05988166,0.22551
FC(F)CC#N,0.432927335,-0.107847822,0.34979
CC(F)CC#C,0.359741287,-0.128610823,0.31246
FC(F)CC#C,0.376750448,-0.1272962,0.3139
CC(=C)CCF,0.339009194,-0.100791999,0.26664
CC(=O)CCF,0.34528794,-0.073899297,0.22896
NC(=N)CCF,0.331092121,-0.12105526,0.27107
NC(=O)CCF,0.346890958,-0.118510984,0.27431
OC(=O)CCF,0.375132288,-0.099822697,0.27666
CCCC(F)=C,0.340924437,-0.115014043,0.27373
NCCC(F)=C,0.319570436,-0.114631167,0.26202
OCCC(F)=C,0.340496674,-0.109454685,0.27339
FCCC(F)=C,0.354897029,-0.104651464,0.27243
CNCC(F)=C,0.316355085,-0.108902289,0.24636
COCC(F)=C,0.338017672,-0.120372756,0.27705
FC(=C)CC=C,0.336358714,-0.085958309,0.25836
FC(=C)CC=O,0.337799461,-0.056539105,0.21557
FC(=C)CC#N,0.376159782,-0.077451943,0.27084
FC(=C)CC#C,0.344520365,-0.096151833,0.27211
CC(C)C=CF,0.336990092,-0.116566092,0.27196
CC(N)C=CF,0.326744443,-0.109827214,0.26108
CC(O)C=CF,0.346277222,-0.101885806,0.26749
CC=CC(C)F,0.333013998,-0.107522817,0.26903
CC(F)C=CF,0.350146149,-0.108828927,0.27207
CC=CC(F)F,0.361233745,-0.090785204,0.26937
FC=CC(F)F,0.381439188,-0.0917859,0.27254
CC(F)C=NN,0.330014616,-0.087468008,0.23412
CC(F)C=NO,0.364712279,-0.08082365,0.25347
NN=CC(F)F,0.347186477,-0.078528422,0.23335
ON=CC(F)F,0.387818695,-0.070163868,0.25414
CC(=C)C=CF,0.308185685,-0.062195587,0.20437
CC(=O)C=CF,0.347473848,-0.034566729,0.1984
NC(=N)C=CF,0.318938852,-0.065666848,0.21199
NC(=O)C=CF,0.352909287,-0.059429615,0.22474
OC(=O)C=CF,0.378591271,-0.039910153,0.22889
CC=CC(F)=C,0.307624559,-0.05721794,0.20203
FC=CC(F)=C,0.322216423,-0.055594537,0.20396
NN=CC(F)=C,0.300823421,-0.047310541,0.18011
ON=CC(F)=C,0.326897038,-0.036679261,0.18832
CC#CC(C)F,0.347660346,-0.115688858,0.28788
CC#CC(F)F,0.378487524,-0.106197436,0.29709
CC#CC(F)=C,0.319327967,-0.06264729,0.21417
CC(C)=CCF,0.331675345,-0.095549283,0.25919
CCC=C(C)F,0.322211712,-0.11487958,0.26515
CC(F)=CCN,0.315544899,-0.106630901,0.25667
CC(F)=CCO,0.332935595,-0.099025709,0.26004
CC(F)=CCF,0.347207289,-0.09771383,0.26413
CCC=C(F)F,0.341885106,-0.123177913,0.279
NCC=C(F)F,0.331375658,-0.112389231,0.26589
OCC=C(F)F,0.347635062,-0.105099747,0.27299
FCC=C(F)F,0.371118506,-0.103218239,0.27596
COC=C(C)F,0.304277858,-0.1233236,0.2516
COC=C(F)F,0.325433064,-0.130759262,0.26508
CC(F)=CC=C,0.299653027,-0.063077116,0.19987
CC(F)=CC=O,0.345085512,-0.031360746,0.19234
CC(F)=CC#N,0.359777353,-0.042716388,0.22612
FC(F)=CC=C,0.315683614,-0.065375194,0.20655
FC(F)=CC=O,0.364156819,-0.032031466,0.2
FC(F)=CC#N,0.381238897,-0.044874833,0.23479
CC(F)=CC#C,0.313762937,-0.065881302,0.21106
FC(F)=CC#C,0.331443542,-0.069315538,0.21892
CC(C)C(C)F,0.390010808,-0.15190472,0.39115
CC(C)C(F)F,0.408972528,-0.155062692,0.40288
CC(N)C(C)F,0.336341091,-0.143033204,0.31081
CC(N)C(F)F,0.352648581,-0.1473014,0.32164
CC(O)C(C)F,0.367242404,-0.150301342,0.34859
CC(O)C(F)F,0.383139168,-0.156021262,0.35811
CC(F)C(C)F,0.403056819,-0.150590944,0.39095
CC(F)C(F)F,0.420675148,-0.163911221,0.40302
FC(F)C(F)F,0.4423532,-0.18072695,0.41548
CC(C)C(F)=C,0.341242807,-0.1161458,0.27495
CC(N)C(F)=C,0.328935397,-0.111232509,0.26355
CC(O)C(F)=C,0.353953265,-0.104733845,0.27444
CC(F)C(C)=C,0.338439274,-0.104695034,0.26931
CC(F)C(C)=O,0.348874887,-0.069664514,0.22798
CC(F)C(N)=N,0.332140686,-0.113466507,0.26241
CC(F)C(N)=O,0.352140335,-0.115229007,0.27572
CC(F)C(O)=O,0.382443215,-0.095320439,0.27782
CC(F)C(F)=C,0.356066882,-0.107618204,0.27617
CC(=C)C(F)F,0.363547785,-0.089452618,0.2691
CC(=O)C(F)F,0.371337163,-0.053680372,0.222
NC(=N)C(F)F,0.356309157,-0.100567886,0.26245
NC(=O)C(F)F,0.372129344,-0.096812414,0.26484
OC(=O)C(F)F,0.404329398,-0.075060214,0.2665
FC(F)C(F)=C,0.383342709,-0.088669204,0.27115
CC(=C)C(F)=C,0.317663245,-0.054550715,0.20653
CC(=O)C(F)=C,0.35720392,-0.025451296,0.19898
NC(=N)C(F)=C,0.321500191,-0.06110403,0.21012
NC(=O)C(F)=C,0.35740373,-0.052659384,0.22567
OC(=O)C(F)=C,0.387268806,-0.032417711,0.22988
FC(=C)C(F)=C,0.332735257,-0.048798235,0.20807
CC(C)=C(C)F,0.310263464,-0.118435082,0.26029
CC(C)=C(F)F,0.327986119,-0.128574374,0.27351
CC(F)=C(C)F,0.322526985,-0.122217958,0.26275
CC(F)=C(F)F,0.343185053,-0.129961518,0.27357
FC(F)=C(F)F,0.36720078,-0.140692109,0.28422
CCC(C)CF,0.390557998,-0.148322841,0.39116
CC(CN)CF,0.336390934,-0.149345178,0.31456
CC(CO)CF,0.363694453,-0.143397622,0.3361
CC(CF)CF,0.407242531,-0.151981641,0.39728
CCC(N)CF,0.335311561,-0.14153673,0.30869
NCC(N)CF,0.323915844,-0.139625418,0.30463
NC(CO)CF,0.335809587,-0.133268096,0.30113
NC(CF)CF,0.352231135,-0.145828777,0.32138
CCC(O)CF,0.366316039,-0.149459189,0.3469
NCC(O)CF,0.344298563,-0.13983148,0.31777
OCC(O)CF,0.364462288,-0.131335094,0.32097
OC(CF)CF,0.386383393,-0.13979171,0.34148
CCC(F)CC,0.397909753,-0.155701443,0.39936
CCC(F)CN,0.337975386,-0.147491273,0.31601
CCC(F)CO,0.369090213,-0.150447627,0.34977
CCC(F)CF,0.404521692,-0.155326505,0.39897
NCC(F)CN,0.323302098,-0.141055351,0.30858
NCC(F)CO,0.329521836,-0.143332373,0.31285
NCC(F)CF,0.350766417,-0.143813324,0.31893
OCC(F)CO,0.363743276,-0.136758884,0.33044
OCC(F)CF,0.386262351,-0.147658404,0.34635
FCC(F)CF,0.416595909,-0.153145279,0.39672
CNC(C)CF,0.317727129,-0.151507016,0.30671
COC(C)CF,0.353651588,-0.154427079,0.344
CC(CF)C=C,0.347346707,-0.105223761,0.27474
CC(CF)C=O,0.354924917,-0.067016551,0.2246
CC(CF)C#N,0.417410276,-0.113177735,0.34852
NC(CF)C=C,0.330513521,-0.091293692,0.24328
OC(CF)C=C,0.349076671,-0.086793659,0.26217
OC(CF)C=O,0.369712242,-0.058642627,0.22515
OC(CF)C#N,0.402262818,-0.086130063,0.30073
CCC(F)C=C,0.350589779,-0.105805318,0.27537
CCC(F)C=O,0.364894256,-0.059933917,0.22358
CCC(F)C#N,0.42193898,-0.092099738,0.32939
NCC(F)C=C,0.326519275,-0.105688624,0.25287
OCC(F)C=C,0.349483435,-0.099722464,0.27453
OCC(F)C=O,0.361347314,-0.056557887,0.22241
OCC(F)C#N,0.400203833,-0.078164766,0.2842
FCC(F)C=C,0.365278042,-0.092742122,0.27372
FCC(F)C=O,0.381455409,-0.047436289,0.2227
FCC(F)C#N,0.437078946,-0.081586847,0.32625
CC(CF)C#C,0.364631337,-0.131171626,0.31448
NC(CF)C#C,0.33915596,-0.115393525,0.28021
OC(CF)C#C,0.358266538,-0.106496721,0.29066
CCC(F)C#C,0.368451866,-0.111068814,0.29644
NCC(F)C#C,0.340214973,-0.10191559,0.26255
OCC(F)C#C,0.363541797,-0.106365074,0.29698
FCC(F)C#C,0.383480481,-0.102093059,0.29691
FC(C=C)C=C,0.346493849,-0.079290167,0.26216
FC(C=C)C=O,0.347033079,-0.044479441,0.21339
FC(C=C)C#N,0.388819268,-0.064664209,0.27261
FC(C=O)C=O,0.366840897,-0.020395153,0.20343
FC(C=O)C#N,0.399559974,-0.018928985,0.22028
FC(C#N)C#N,0.466756705,-0.022596762,0.30355
FC(C=C)C#C,0.360202823,-0.085324924,0.2731
FC(C=O)C#C,0.361110718,-0.037123418,0.21344
FC(C#C)C#N,0.409346658,-0.047024434,0.26934
FC(C#C)C#C,0.37388587,-0.069123995,0.26739
CCC(=C)CF,0.340007719,-0.107225714,0.27167
NCC(=C)CF,0.329178072,-0.098182727,0.24951
OCC(=C)CF,0.342053233,-0.096654917,0.26444
FCC(=C)CF,0.361272187,-0.087549241,0.26747
CCC(=O)CF,0.352172265,-0.071406831,0.23157
OCC(=O)CF,0.356380595,-0.072057401,0.23201
FCC(=O)CF,0.368672791,-0.060600256,0.22998
CNC(=N)CF,0.321723368,-0.11922496,0.26287
NNC(=N)CF,0.328880117,-0.115923759,0.26577
ONC(=N)CF,0.348885041,-0.102909885,0.26524
CNC(=O)CF,0.350860686,-0.117393806,0.28066
NNC(=O)CF,0.357380326,-0.110899659,0.27863
ONC(=O)CF,0.348905408,-0.097752596,0.24836
COC(=C)CF,0.321406682,-0.126402807,0.26762
COC(=O)CF,0.385550898,-0.099879091,0.28561
FCC(=C)C=C,0.320529968,-0.051857217,0.20665
FCC(=C)C=O,0.360364031,-0.016847281,0.19185
FCC(=C)C#N,0.377228461,-0.033126467,0.23229
FCC(=O)C=C,0.352644004,-0.017742369,0.18898
FCC(=O)C=O,0.365393075,0.014919651,0.15432
FCC(=O)C#N,0.412060975,0.01121646,0.20555
FCC(=C)C#C,0.332145686,-0.056673669,0.21817
FCC(=O)C#C,0.371933057,-0.016178052,0.20251
CCC(C)=CF,0.323896033,-0.116456359,0.26571
CC(CN)=CF,0.321322334,-0.108356389,0.2638
CC(CO)=CF,0.336757989,-0.102301976,0.26248
CC=C(C)CF,0.321765098,-0.110283876,0.26391
CC(CF)=CF,0.345938393,-0.100408708,0.263
CCC(F)=CC,0.322706641,-0.116572837,0.26709
CCC(F)=CF,0.338383008,-0.117582843,0.26869
CC=C(F)CN,0.317617911,-0.109039649,0.26264
NCC(F)=CF,0.331998209,-0.108355999,0.26529
CC=C(F)CO,0.33877945,-0.105179482,0.2664
OCC(F)=CF,0.338889596,-0.119502505,0.27181
CC=C(F)CF,0.337714258,-0.115079004,0.27111
FCC(F)=CF,0.355150647,-0.115947004,0.27194
CC(CF)=NN,0.317490789,-0.098262311,0.23727
CC(CF)=NO,0.347719211,-0.096007854,0.25727
COC(C)=CF,0.314401411,-0.122054678,0.25686
CC(=CF)C=C,0.306625462,-0.064185935,0.20441
CC(=CF)C=O,0.355356642,-0.033881992,0.20241
CC(=CF)C#N,0.362093477,-0.046145539,0.2288
CC=C(F)C=C,0.305744133,-0.056915735,0.19932
FC=C(F)C=C,0.319608636,-0.054725674,0.1997
CC=C(F)C=O,0.356646896,-0.020217433,0.19581
CC=C(F)C#N,0.363172377,-0.038150835,0.22393
NC=C(F)C=O,0.308944565,-0.046320521,0.17659
NC=C(F)C#N,0.316797232,-0.063479859,0.2028
FC=C(F)C=O,0.375878713,-0.015655155,0.19659
FC=C(F)C#N,0.381742387,-0.034337296,0.2241
CC(=CF)C#C,0.318449936,-0.068866998,0.21594
CC=C(F)C#C,0.320223595,-0.060974459,0.21269
FC=C(F)C#C,0.335547447,-0.05864749,0.21295
CCCCCF,0.401764652,-0.150258842,0.39511
NCCCCF,0.340664652,-0.145761486,0.3142
OCCCCF,0.366822806,-0.149233584,0.3409
FCCCCF,0.402174026,-0.169441918,0.41656
CNCCCF,0.316458102,-0.156506229,0.30683
COCCCF,0.352543791,-0.158840206,0.3464
CCNCCF,0.318103683,-0.157525827,0.3136
CCOCCF,0.35804947,-0.151439372,0.34101
FCCCC=C,0.343777757,-0.111710946,0.27496
FCCCC=O,0.359793346,-0.078461856,0.23382
FCCCC#N,0.413809026,-0.11290281,0.35185
FCCNC=N,0.32142208,-0.125686747,0.26718
FCCNC=O,0.354080868,-0.117084106,0.2815
FCCNN=C,0.317934703,-0.097254978,0.23037
FCCOC=C,0.322101484,-0.119722653,0.25784
FCCOC=O,0.390951743,-0.100323157,0.28732
FCCON=C,0.355147306,-0.085999533,0.2479
FCCCC#C,0.357586212,-0.13630772,0.31567
CCCC=CF,0.336795398,-0.117628775,0.27155
NCCC=CF,0.320973571,-0.11501059,0.26335
OCCC=CF,0.334060935,-0.111667558,0.27056
CC=CCCF,0.330346733,-0.106967997,0.26695
FCCC=CF,0.346941254,-0.108400572,0.27018
NN=CCCF,0.319309802,-0.096315045,0.23496
ON=CCCF,0.351533637,-0.090903494,0.25374
CNCC=CF,0.313057959,-0.107557028,0.24261
COCC=CF,0.337551431,-0.104155075,0.26827
CCOC=CF,0.315186867,-0.127108811,0.25565
FC=CCC=C,0.329521171,-0.082548408,0.25132
FC=CCC=O,0.338204039,-0.070252466,0.22318
FC=CCC#N,0.372042609,-0.079314965,0.26921
FC=CNC=N,0.302297341,-0.08191057,0.21538
FC=CNC=O,0.320391581,-0.07685018,0.22177
FC=COC=C,0.298675709,-0.097234562,0.23159
FC=COC=O,0.349418838,-0.066600779,0.22928
FC=CCC#C,0.339154221,-0.097899971,0.2683
CC#CCCF,0.346625257,-0.131212398,0.30314
CC=CC=CF,0.298521475,-0.065610543,0.20071
FC=CC=CF,0.312477127,-0.064704863,0.20249
NN=CC=CF,0.294411899,-0.058847576,0.18507
ON=CC=CF,0.319626747,-0.050692054,0.19545
CC#CC=CF,0.310097686,-0.068722104,0.20965
CCC=CCF,0.333522997,-0.106526033,0.26869
NCC=CCF,0.323367475,-0.098782227,0.25156
OCC=CCF,0.328850897,-0.115634334,0.26946
FCC=CCF,0.346730924,-0.104579995,0.27084
COC=CCF,0.304614855,-0.120809314,0.25032
CNN=CCF,0.311257649,-0.084413935,0.21988
CON=CCF,0.346703762,-0.07482377,0.23859
FCC=CC=C,0.308480329,-0.056570261,0.20244
FCC=CC=O,0.35211584,-0.024254617,0.19182
FCC=CC#N,0.370582507,-0.032574066,0.22719
FCC=NN=C,0.338987943,-0.033469559,0.19742
FCC=CC#C,0.323456446,-0.05646616,0.21114
CCC#CCF,0.34836825,-0.11036312,0.28287
NCC#CCF,0.336138409,-0.104094877,0.26821
OCC#CCF,0.353369511,-0.097030693,0.28322
FCC#CCF,0.377577441,-0.09509286,0.29075
FCC#CC=C,0.32483529,-0.053586853,0.21079
FCC#CC=O,0.375776607,-0.016825351,0.20372
FCC#CC#N,0.392244368,-0.020727615,0.23319
FCC#CC#C,0.343239205,-0.045969959,0.21762
CC(C)(C)CCF,0.383666702,-0.130570232,0.37103
CC(C)(N)CCF,0.33674236,-0.127350887,0.30079
CC(C)(O)CCF,0.365049201,-0.12714372,0.33002
CCCC(C)(C)F,0.38259715,-0.141788197,0.38154
CC(C)(F)CCN,0.333819551,-0.14766023,0.31525
CC(C)(F)CCO,0.356928678,-0.142423153,0.33931
CC(C)(F)CCF,0.401040003,-0.135793515,0.38283
CCCC(C)(F)F,0.396250346,-0.153910119,0.40366
CC(F)(F)CCN,0.341413534,-0.153555294,0.31761
CC(F)(F)CCO,0.368101441,-0.149695228,0.34092
CC(F)(F)CCF,0.408276059,-0.153520303,0.40301
CCCC(F)(F)F,0.433727378,-0.157030444,0.43183
NCCC(F)(F)F,0.356860752,-0.148446088,0.31933
OCCC(F)(F)F,0.395051488,-0.149467173,0.34542
FCCC(F)(F)F,0.452282547,-0.169150355,0.43151
CNCC(C)(C)F,0.319669837,-0.138077121,0.29926
CNCC(C)(F)F,0.328394831,-0.150379757,0.31395
CNCC(F)(F)F,0.339222149,-0.150721076,0.31504
COCC(C)(C)F,0.35579812,-0.142632084,0.33777
COCC(C)(F)F,0.368703143,-0.147440582,0.34488
COCC(F)(F)F,0.380794274,-0.14848607,0.34787
CC(C)(F)CC=C,0.343148494,-0.103776918,0.27339
CC(C)(F)CC=O,0.359341382,-0.058537652,0.2226
CC(C)(F)CC#N,0.405552142,-0.105607901,0.34277
CC(F)(F)CC=C,0.35294521,-0.103764522,0.27527
CC(F)(F)CC=O,0.362022419,-0.069044727,0.22755
CC(F)(F)CC#N,0.420119977,-0.10366625,0.3474
FC(F)(F)CC=C,0.371149189,-0.095375646,0.27635
FC(F)(F)CC=O,0.3843284,-0.057434041,0.22867
FC(F)(F)CC#N,0.451730758,-0.102390759,0.35335
CC(C)(F)CC#C,0.357524809,-0.122799634,0.31158
CC(F)(F)CC#C,0.369093233,-0.12336652,0.31285
FC(F)(F)CC#C,0.387563428,-0.121969191,0.31299
CC(C)(C)C=CF,0.333732919,-0.115348864,0.27244
CC(C)(N)C=CF,0.319354948,-0.116281595,0.26747
CC(C)(O)C=CF,0.329573876,-0.115488215,0.27175
CC=CC(C)(C)F,0.329117581,-0.107861321,0.26963
CC(C)(F)C=CF,0.345089032,-0.109787271,0.27257
CC=CC(C)(F)F,0.353405846,-0.091347559,0.2691
CC(F)(F)C=CF,0.3720672,-0.092246651,0.27207
CC=CC(F)(F)F,0.374298515,-0.080138692,0.26993
FC=CC(F)(F)F,0.395288985,-0.080712949,0.27302
CC(C)(F)C=NN,0.325580549,-0.088266492,0.23542
CC(C)(F)C=NO,0.357391162,-0.08225595,0.25439
CC(F)(F)C=NN,0.341596524,-0.079139695,0.23365
CC(F)(F)C=NO,0.379803132,-0.071676,0.2542
NN=CC(F)(F)F,0.353848166,-0.073042711,0.23305
ON=CC(F)(F)F,0.396294682,-0.06299858,0.25355
CC#CC(C)(C)F,0.342528384,-0.116734303,0.29057
CC#CC(C)(F)F,0.371888409,-0.11018918,0.2989
CC#CC(F)(F)F,0.392285631,-0.101734006,0.30449
CC(F)C(C)(C)C,0.381913573,-0.14039174,0.37817
CC(C)(C)C(F)F,0.398966551,-0.147452815,0.39363
CC(F)C(C)(C)N,0.330531696,-0.137554878,0.30868
CC(C)(N)C(F)F,0.346313223,-0.144015889,0.32133
CC(F)C(C)(C)O,0.357143148,-0.142387827,0.3413
CC(C)(O)C(F)F,0.380501171,-0.137982748,0.34295
CC(C)C(C)(C)F,0.380228514,-0.140340909,0.3775
CC(N)C(C)(C)F,0.331002066,-0.139473573,0.30847
CC(O)C(C)(C)F,0.359538517,-0.143368747,0.3431
CC(F)C(C)(C)F,0.392077687,-0.14368781,0.38277
CC(C)(F)C(F)F,0.40860459,-0.154194683,0.39642
CC(C)C(C)(F)F,0.397020417,-0.148365296,0.39481
CC(N)C(C)(F)F,0.344981237,-0.14371852,0.31936
CC(O)C(C)(F)F,0.373170629,-0.150710038,0.35611
CC(F)C(C)(F)F,0.407955132,-0.158072798,0.40034
CC(F)(F)C(F)F,0.426158423,-0.177070408,0.41367
CC(C)C(F)(F)F,0.433852469,-0.156840718,0.4322
CC(N)C(F)(F)F,0.358755797,-0.142317661,0.32035
CC(O)C(F)(F)F,0.397710962,-0.149791344,0.36193
CC(F)C(F)(F)F,0.44416356,-0.165538669,0.42578
FC(F)C(F)(F)F,0.466148047,-0.182439215,0.43775
CC(C)(C)C(F)=C,0.338677474,-0.114431922,0.27539
CC(C)(N)C(F)=C,0.324427696,-0.116550933,0.2729
CC(C)(O)C(F)=C,0.335096948,-0.117140267,0.27611
CC(=C)C(C)(C)F,0.333790657,-0.106934817,0.27042
CC(=O)C(C)(C)F,0.340854133,-0.070168328,0.22704
CC(C)(F)C(N)=N,0.333560433,-0.115379273,0.27176
CC(C)(F)C(N)=O,0.344337505,-0.118251365,0.2758
CC(C)(F)C(O)=O,0.372846319,-0.098781065,0.27756
CC(C)(F)C(F)=C,0.350647736,-0.109865182,0.27708
CC(=C)C(C)(F)F,0.355630268,-0.091060445,0.26894
CC(=O)C(C)(F)F,0.361255393,-0.055720717,0.22236
CC(F)(F)C(N)=N,0.347413922,-0.101675115,0.26127
CC(F)(F)C(N)=O,0.362380336,-0.099983109,0.26678
CC(F)(F)C(O)=O,0.392761464,-0.079285323,0.26823
CC(F)(F)C(F)=C,0.374646608,-0.091082365,0.27219
CC(=C)C(F)(F)F,0.375789795,-0.08043668,0.26981
CC(=O)C(F)(F)F,0.385381268,-0.046339416,0.22638
NC(=N)C(F)(F)F,0.364565761,-0.095968612,0.26362
NC(=O)C(F)(F)F,0.3861693,-0.090403834,0.26872
OC(=O)C(F)(F)F,0.419131729,-0.068015808,0.2703
FC(=C)C(F)(F)F,0.395710469,-0.079557816,0.27156
CC(C)CC(C)F,0.382414054,-0.138419359,0.37778
CC(C)CC(F)F,0.397275436,-0.144191484,0.39233
CC(N)CC(C)F,0.338068358,-0.135718134,0.3089
CC(N)CC(F)F,0.34511034,-0.138189317,0.31196
CC(O)CC(C)F,0.36236563,-0.134853435,0.33734
CC(O)CC(F)F,0.373828531,-0.135995804,0.34014
CC(F)CC(C)F,0.394606729,-0.157033027,0.40317
CC(F)CC(F)F,0.412153036,-0.150727239,0.40304
FC(F)CC(F)F,0.42935138,-0.172215353,0.42517
CC(F)CN(C)C,0.304782745,-0.141524477,0.29443
CN(C)CC(F)F,0.312661524,-0.149390626,0.30262
CC(C)CC(F)=C,0.337821741,-0.110349932,0.27268
CC(N)CC(F)=C,0.31862433,-0.112088718,0.26318
CC(O)CC(F)=C,0.336222457,-0.10093903,0.26852
CC(F)CC(C)=C,0.328339147,-0.105164653,0.26595
CC(F)CC(C)=O,0.34064238,-0.074943504,0.22937
CC(F)CC(N)=N,0.31883142,-0.123744686,0.26525
CC(F)CC(N)=O,0.341788257,-0.118489317,0.27409
CC(F)CC(O)=O,0.368591804,-0.10191472,0.27693
CC(F)CC(F)=C,0.344957214,-0.108787966,0.2732
CC(=C)CC(F)F,0.343596777,-0.096272498,0.26633
CC(=O)CC(F)F,0.358665499,-0.066977725,0.23342
NC(=N)CC(F)F,0.343641219,-0.115360989,0.27481
NC(=O)CC(F)F,0.362949888,-0.108533583,0.27725
OC(=O)CC(F)F,0.38742722,-0.092533178,0.2769
FC(F)CC(F)=C,0.359410196,-0.102032948,0.27344
CN(C)CC(F)=C,0.30285902,-0.101123236,0.23267
CC(=C)CC(F)=C,0.323320734,-0.083918822,0.25519
CC(=O)CC(F)=C,0.326258824,-0.058149193,0.21862
NC(=N)CC(F)=C,0.32377891,-0.089608488,0.24902
NC(=O)CC(F)=C,0.329249018,-0.088851488,0.25126
OC(=O)CC(F)=C,0.351718602,-0.07299551,0.25658
FC(=C)CC(F)=C,0.338539839,-0.094016853,0.26587
CC(C)C=C(C)F,0.319026097,-0.114156137,0.26542
CC(C)C=C(F)F,0.33766519,-0.123673837,0.27936
CC(N)C=C(C)F,0.311126986,-0.101461145,0.253
CC(N)C=C(F)F,0.328415228,-0.115292426,0.26867
CC(O)C=C(C)F,0.325665189,-0.094481082,0.25293
CC(O)C=C(F)F,0.346521734,-0.106383673,0.27271
CC(F)C=C(C)C,0.326626046,-0.09411634,0.25915
CC(F)C=C(C)F,0.342532672,-0.09555325,0.26325
CC(F)C=C(F)F,0.363336892,-0.102974987,0.27635
CC(C)=CC(F)F,0.347477528,-0.08328795,0.2607
CC(F)=CC(F)F,0.36320847,-0.085694283,0.26564
FC(F)C=C(F)F,0.386191026,-0.093450031,0.27831
CC(F)=CC(C)=C,0.292720233,-0.064691051,0.20101
CC(=C)C=C(F)F,0.307320777,-0.066384522,0.20709
CC(F)=CC(C)=O,0.333585783,-0.036834587,0.19648
CC(=O)C=C(F)F,0.349827469,-0.036990427,0.20255
CC(F)=CC(N)=N,0.307152939,-0.059355663,0.19995
NC(=N)C=C(F)F,0.323457617,-0.067110827,0.21664
CC(F)=CC(N)=O,0.334840926,-0.058511931,0.21651
NC(=O)C=C(F)F,0.35300297,-0.061912897,0.22645
CC(F)=CC(O)=O,0.365576644,-0.037834123,0.22167
OC(=O)C=C(F)F,0.384341861,-0.039285589,0.22954
CC(C)=CC(F)=C,0.296444411,-0.054303664,0.19663
CC(F)=CC(F)=C,0.305255786,-0.056782046,0.19935
FC(F)=CC(F)=C,0.321315507,-0.058819007,0.20603
CCC(C)(C)CF,0.382531246,-0.13950698,0.37978
CC(C)(CN)CF,0.334377772,-0.136416171,0.309
CC(C)(CO)CF,0.361693358,-0.132892338,0.33257
CC(C)(CF)CF,0.393155844,-0.146907456,0.39036
CCC(C)(N)CF,0.333298762,-0.134360806,0.30559
CC(N)(CN)CF,0.315110366,-0.134066421,0.29878
CC(N)(CO)CF,0.336876351,-0.132358296,0.31153
CC(N)(CF)CF,0.348282274,-0.141142691,0.31898
CCC(C)(O)CF,0.362125012,-0.132457301,0.33258
CC(O)(CN)CF,0.339469176,-0.132345126,0.313
CC(O)(CO)CF,0.358464021,-0.125490895,0.31659
CC(O)(CF)CF,0.375976352,-0.142179417,0.34301
CCC(C)(F)CC,0.381846208,-0.141643461,0.38152
CCC(C)(F)CN,0.332977527,-0.143239971,0.31335
CCC(C)(F)CO,0.362170932,-0.143672106,0.34507
CCC(C)(F)CF,0.394535086,-0.142461839,0.38432
CC(F)(CN)CN,0.305916912,-0.141247595,0.30006
CC(F)(CN)CO,0.328401489,-0.140388073,0.30909
CC(F)(CN)CF,0.342308442,-0.143123603,0.31413
CC(F)(CO)CO,0.35011804,-0.139670672,0.33112
CC(F)(CO)CF,0.37094014,-0.143829994,0.34471
CC(F)(CF)CF,0.404474518,-0.147741363,0.38675
CCC(F)(F)CC,0.396977468,-0.150525615,0.3988
CCC(F)(F)CN,0.348334627,-0.146126828,0.32136
CCC(F)(F)CO,0.377648807,-0.144809738,0.35276
CCC(F)(F)CF,0.408567187,-0.158869265,0.39793
NCC(F)(F)CN,0.327259363,-0.14129729,0.30898
NCC(F)(F)CO,0.346099036,-0.136982997,0.31907
NCC(F)(F)CF,0.359631885,-0.138761497,0.32169
OCC(F)(F)CO,0.365645221,-0.129959972,0.3226
OCC(F)(F)CF,0.393304624,-0.135528591,0.34392
FCC(F)(F)CF,0.42160766,-0.159690262,0.39686
CNC(C)(C)CF,0.307580979,-0.143016522,0.29546
COC(C)(C)CF,0.347111493,-0.144932334,0.33663
CC(C)(CF)C=C,0.344223523,-0.104363641,0.27531
CC(C)(CF)C=O,0.347240337,-0.066799232,0.2234
CC(C)(CF)C#N,0.407425871,-0.107782632,0.34415
CC(N)(CF)C=C,0.32613954,-0.09672679,0.25168
CC(O)(CF)C=C,0.340018697,-0.095415429,0.26789
CC(O)(CF)C=O,0.35976568,-0.05735475,0.22321
CC(O)(CF)C#N,0.391661765,-0.089026936,0.30186
CCC(C)(F)C=C,0.345942565,-0.102630801,0.27546
CCC(C)(F)C=O,0.355059944,-0.060111959,0.22253
CCC(C)(F)C#N,0.412791783,-0.096511697,0.33339
CC(F)(CN)C=C,0.325485234,-0.100210424,0.25254
CC(F)(CO)C=C,0.34158119,-0.093499885,0.26721
CC(F)(CO)C=O,0.356804704,-0.051907523,0.21993
CC(F)(CO)C#N,0.391446273,-0.082627416,0.28919
CC(F)(CF)C=C,0.355253166,-0.098499551,0.27565
CC(F)(CF)C=O,0.367846277,-0.054156239,0.22379
CC(F)(CF)C#N,0.424674169,-0.086432585,0.32871
CCC(F)(F)C=C,0.37278966,-0.086600683,0.27593
CCC(F)(F)C=O,0.376873239,-0.046632861,0.21892
CCC(F)(F)C#N,0.442039345,-0.090238302,0.34512
NCC(F)(F)C=C,0.342147639,-0.083106819,0.23526
OCC(F)(F)C=C,0.366267694,-0.077222522,0.26966
OCC(F)(F)C=O,0.3745385,-0.043984304,0.21866
OCC(F)(F)C#N,0.413294313,-0.073949931,0.28849
FCC(F)(F)C=C,0.387387343,-0.070707052,0.27297
FCC(F)(F)C=O,0.390983224,-0.034672635,0.2174
FCC(F)(F)C#N,0.456646253,-0.071592427,0.33735
CC(C)(CF)C#C,0.358675356,-0.125122425,0.31208
CC(N)(CF)C#C,0.333944691,-0.114227409,0.28032
CC(O)(CF)C#C,0.3515996,-0.107868509,0.29324
CCC(C)(F)C#C,0.363539401,-0.113331692,0.30025
CC(F)(CN)C#C,0.334066287,-0.107436072,0.26697
CC(F)(CO)C#C,0.353977382,-0.100192747,0.28454
CC(F)(CF)C#C,0.375049037,-0.104846104,0.2998
CCC(F)(F)C#C,0.398654631,-0.107956579,0.30914
NCC(F)(F)C#C,0.348547814,-0.100759915,0.26095
OCC(F)(F)C#C,0.381667845,-0.092577559,0.28948
FCC(F)(F)C#C,0.406014751,-0.09264794,0.31015
CC(F)(C=C)C=C,0.335540053,-0.074964161,0.25559
CC(F)(C=C)C=O,0.34109201,-0.039450892,0.21045
CC(F)(C=C)C#N,0.380673912,-0.062534623,0.26946
CC(F)(C=O)C=O,0.356610067,-0.011235387,0.19279
CC(F)(C=O)C#N,0.389202287,-0.016622317,0.21662
CC(F)(C#N)C#N,0.453292099,-0.031795966,0.3083
FC(F)(C=C)C=C,0.354268759,-0.055268934,0.24929
FC(F)(C=C)C=O,0.367388896,-0.03367573,0.21652
FC(F)(C=C)C#N,0.404212877,-0.038655328,0.2633
FC(F)(C=O)C=O,0.375224354,-0.013544181,0.2024
FC(F)(C=O)C#N,0.412013577,-0.000330263,0.21381
FC(F)(C#N)C#N,0.481771301,-0.021712196,0.31194
CC(F)(C=C)C#C,0.34804081,-0.082083506,0.26801
CC(F)(C=O)C#C,0.353534345,-0.037765458,0.21313
CC(F)(C#C)C#N,0.399793711,-0.05414808,0.27431
FC(F)(C=C)C#C,0.365932517,-0.059919573,0.25856
FC(F)(C=O)C#C,0.37585671,-0.024070581,0.21278
FC(F)(C#C)C#N,0.429181994,-0.046228932,0.28104
CC(F)(C#C)C#C,0.361806453,-0.07438229,0.27056
FC(F)(C#C)C#C,0.38105602,-0.063330478,0.27266
CC(C)CCCF,0.383983606,-0.142170783,0.38675
CC(N)CCCF,0.333026293,-0.141773019,0.31
CC(O)CCCF,0.356705249,-0.141965358,0.3383
CCCCC(C)F,0.380511575,-0.152289649,0.39635
CC(F)CCCN,0.335292256,-0.146103735,0.31382
CC(F)CCCO,0.35848347,-0.149389336,0.34121
CC(F)CCCF,0.396846716,-0.162078329,0.40776
CCCCC(F)F,0.39699198,-0.152498948,0.40264
NCCCC(F)F,0.346882413,-0.13656807,0.31081
OCCCC(F)F,0.374192915,-0.135266999,0.33801
FCCCC(F)F,0.407473468,-0.164929121,0.41562
CNCCC(C)F,0.320323597,-0.133449771,0.29127
CNCCC(F)F,0.325051455,-0.150709383,0.3075
COCCC(C)F,0.351145088,-0.141995471,0.33608
COCCC(F)F,0.359271476,-0.151542501,0.34473
CCNCC(C)F,0.313723563,-0.149982033,0.30854
CCNCC(F)F,0.328807733,-0.151995055,0.31642
CCOCC(C)F,0.353992491,-0.149333264,0.34209
CCOCC(F)F,0.365296614,-0.150139991,0.34661
CC(C)NCCF,0.314289627,-0.147994347,0.3069
CC(C)OCCF,0.349025817,-0.14274249,0.33483
CN(C)CCCF,0.29848352,-0.149705862,0.29659
CC(F)CCC=C,0.340062487,-0.111159051,0.27485
CC(F)CCC=O,0.35570608,-0.079209869,0.23377
CC(F)CCC#N,0.410796405,-0.116143706,0.35266
FC(F)CCC=C,0.353072656,-0.105448,0.27601
FC(F)CCC=O,0.367613831,-0.066298812,0.23294
FC(F)CCC#N,0.416480042,-0.108310449,0.35017
CC(F)CNC=N,0.322248607,-0.1240723,0.27152
CC(F)CNC=O,0.349802514,-0.111852535,0.27917
FC(F)CNC=N,0.330240573,-0.121388041,0.26991
FC(F)CNC=O,0.363152847,-0.112023856,0.28143
CC(F)CNN=C,0.309466066,-0.10049765,0.22849
FC(F)CNN=C,0.323239325,-0.093664163,0.23141
CC(F)COC=C,0.31948442,-0.118512863,0.25751
CC(F)COC=O,0.386740001,-0.097660131,0.28746
FC(F)COC=C,0.328082016,-0.11482634,0.25889
FC(F)COC=O,0.398931175,-0.091241854,0.28719
CC(F)CON=C,0.351469159,-0.085166721,0.24733
FC(F)CON=C,0.361496452,-0.081144215,0.24932
CC(F)CCC#C,0.352896084,-0.132045332,0.3155
FC(F)CCC#C,0.366673275,-0.126089649,0.31441
CC(=C)CCCF,0.331993359,-0.110355372,0.27092
CC(=O)CCCF,0.343545381,-0.079018711,0.23417
NC(=N)CCCF,0.331165176,-0.117518814,0.2729
NC(=O)CCCF,0.348648587,-0.117883427,0.27784
OC(=O)CCCF,0.379886298,-0.103149026,0.28303
CCCCC(F)=C,0.338279855,-0.112873545,0.27371
NCCCC(F)=C,0.313413303,-0.109838746,0.26163
OCCCC(F)=C,0.329257221,-0.112217311,0.27358
FCCCC(F)=C,0.34512913,-0.111156842,0.27377
CNCCC(F)=C,0.306436271,-0.110112015,0.24736
COCCC(F)=C,0.329851181,-0.11103296,0.27286
CCNCC(F)=C,0.312992892,-0.107824837,0.24667
CCOCC(F)=C,0.334848608,-0.119617429,0.27692
CC(=N)NCCF,0.310749419,-0.122059588,0.26261
CC(=O)NCCF,0.341482144,-0.113985786,0.27734
NC(=N)NCCF,0.312977809,-0.13293224,0.28154
NC(=O)NCCF,0.339695989,-0.136275368,0.30016
CC(=C)OCCF,0.316974611,-0.126009779,0.26711
CC(=O)OCCF,0.37267677,-0.100318607,0.28356
NC(=N)OCCF,0.335901026,-0.133693914,0.29619
NC(=O)OCCF,0.367276531,-0.134988996,0.3234
FC(=C)CCC=C,0.321600695,-0.087032221,0.26039
FC(=C)CCC=O,0.331280102,-0.065901511,0.22369
FC(=C)CCC#N,0.361011386,-0.081261793,0.27035
FC(=C)CNC=N,0.321791442,-0.089730215,0.24267
FC(=C)CNC=O,0.345739157,-0.085786449,0.26511
FC(=C)CNN=C,0.310883986,-0.079439324,0.22775
FC(=C)COC=C,0.317237429,-0.09074562,0.24919
FC(=C)COC=O,0.355495806,-0.076146454,0.26165
FC(=C)CON=C,0.335750958,-0.07111729,0.23739
FC(=C)CCC#C,0.330839983,-0.096156317,0.26897
CC(C)CC=CF,0.333774875,-0.112713837,0.27044
CC(N)CC=CF,0.315698253,-0.113925994,0.26149
CC(O)CC=CF,0.327570738,-0.108268313,0.26846
CC=CCC(C)F,0.326147715,-0.108953458,0.26747
CC(F)CC=CF,0.341859864,-0.110665972,0.27069
CC=CCC(F)F,0.34000817,-0.099893742,0.26732
FC=CCC(F)F,0.356650555,-0.101503701,0.2703
CC(F)CC=NN,0.31547581,-0.098109244,0.23556
CC(F)CC=NO,0.346426519,-0.093078794,0.25424
NN=CCC(F)F,0.327368742,-0.089254826,0.23389
ON=CCC(F)F,0.36028773,-0.08303705,0.25281
CC(C)OC=CF,0.309190669,-0.12510901,0.25475
CN(C)CC=CF,0.301759293,-0.106391786,0.23554
CC(=C)CC=CF,0.321884144,-0.097687436,0.26654
CC(=O)CC=CF,0.326063462,-0.073410614,0.22623
NC(=N)CC=CF,0.326910979,-0.090053195,0.24904
NC(=O)CC=CF,0.325544801,-0.098031804,0.26134
OC(=O)CC=CF,0.347970641,-0.088362011,0.26285
CC=CCC(F)=C,0.322476734,-0.088398653,0.25999
FC=CCC(F)=C,0.33534302,-0.086299257,0.26203
NN=CCC(F)=C,0.315153258,-0.079799361,0.23172
ON=CCC(F)=C,0.336509801,-0.074124207,0.24896
CC(=N)NC=CF,0.284450023,-0.088810504,0.21207
CC(=O)NC=CF,0.309711155,-0.075259501,0.21787
NC(=N)NC=CF,0.286954774,-0.103319005,0.22792
NC(=O)NC=CF,0.304643815,-0.097294271,0.23311
CC(=C)OC=CF,0.304989831,-0.092992995,0.23815
CC(=O)OC=CF,0.338030925,-0.070753254,0.23073
CC#CCC(C)F,0.339578087,-0.128398151,0.30243
CC#CCC(F)F,0.349982242,-0.127107444,0.30278
CC#CCC(F)=C,0.327841076,-0.099172154,0.26892
CC(C)C=CCF,0.330294167,-0.105308464,0.269
CC(N)C=CCF,0.319440422,-0.101166333,0.25269
CC(O)C=CCF,0.335264313,-0.099411459,0.26762
CCC=CC(C)F,0.32946522,-0.101139485,0.26695
CC(F)C=CCN,0.320536117,-0.094187976,0.25001
CC(F)C=CCO,0.33881871,-0.08577204,0.25995
CC(F)C=CCF,0.342010638,-0.098663036,0.26914
CCC=CC(F)F,0.356053465,-0.084721364,0.26738
NCC=CC(F)F,0.338795875,-0.078625063,0.23942
OCC=CC(F)F,0.349103722,-0.09226662,0.26591
FCC=CC(F)F,0.370189701,-0.081456864,0.26944
COC=CC(C)F,0.301104667,-0.114372998,0.24864
COC=CC(F)F,0.32461856,-0.098868569,0.24731
CNN=CC(C)F,0.306712844,-0.083010148,0.21973
CNN=CC(F)F,0.321404605,-0.074950402,0.21935
CON=CC(C)F,0.341309075,-0.074395513,0.23927
CON=CC(F)F,0.359876719,-0.063888912,0.23868
CN(C)N=CCF,0.295090295,-0.08823804,0.21882
CC(F)C=CC=C,0.30535724,-0.053987069,0.20173
CC(F)C=CC=O,0.348544877,-0.022435142,0.19121
CC(F)C=CC#N,0.365170651,-0.030500681,0.22639
FC(F)C=CC=C,0.326627865,-0.038855463,0.20165
FC(F)C=CC=O,0.364980623,-0.006715991,0.1861
FC(F)C=CC#N,0.392259394,-0.012840303,0.22655
CC(F)C=NN=C,0.334556784,-0.033191659,0.19742
FC(F)C=NN=C,0.350254796,-0.020635005,0.19443
CC(F)C=CC#C,0.319815562,-0.05366506,0.21033
FC(F)C=CC#C,0.342166569,-0.037013055,0.20848
CC(=C)C=CCF,0.302333878,-0.057050677,0.20318
CC(=O)C=CCF,0.338779208,-0.029260178,0.19353
NC(=N)C=CCF,0.311515485,-0.059188679,0.20727
NC(=O)C=CCF,0.353828085,-0.052373602,0.21824
OC(=O)C=CCF,0.371334452,-0.033495147,0.22255
CCC=CC(F)=C,0.305166258,-0.053624279,0.20114
NCC=CC(F)=C,0.303212097,-0.049676734,0.19965
OCC=CC(F)=C,0.310440526,-0.046235034,0.19919
FCC=CC(F)=C,0.315136213,-0.049501805,0.20155
COC=CC(F)=C,0.285513825,-0.065593868,0.1924
CNN=CC(F)=C,0.28590817,-0.045321127,0.17276
CON=CC(F)=C,0.314501441,-0.032847755,0.18289
FC(=C)C=CC=C,0.291277664,-0.020786766,0.16496
FC(=C)C=CC=O,0.338960596,0.007998168,0.17115
FC(=C)C=CC#N,0.339405864,0.005075364,0.176
FC(=C)C=NN=C,0.334570505,-0.003914638,0.17554
FC(=C)C=CC#C,0.303564658,-0.017036645,0.16886
CC(C)C#CCF,0.34366551,-0.103941307,0.27998
CC(N)C#CCF,0.330421182,-0.101594535,0.26705
CC(O)C#CCF,0.351901141,-0.096293821,0.2824
CCC#CC(C)F,0.342932186,-0.114056769,0.28808
CC(F)C#CCN,0.331779237,-0.10355435,0.27158
CC(F)C#CCO,0.354686444,-0.097800336,0.2887
CC(F)C#CCF,0.370014367,-0.092977746,0.28884
CCC#CC(F)F,0.372585623,-0.104875006,0.29698
NCC#CC(F)F,0.346833838,-0.088164283,0.26199
OCC#CC(F)F,0.365296128,-0.080222578,0.27643
FCC#CC(F)F,0.391715808,-0.075849657,0.28352
CC(F)C#CC=C,0.320587863,-0.052378174,0.21029
CC(F)C#CC=O,0.371470969,-0.016335653,0.20332
CC(F)C#CC#N,0.384990979,-0.024700313,0.23602
FC(F)C#CC=C,0.344420916,-0.034241911,0.21028
FC(F)C#CC=O,0.388484315,-0.000205546,0.19875
FC(F)C#CC#N,0.414394785,-0.013009293,0.2435
CC(F)C#CC#C,0.338289472,-0.04920077,0.22068
FC(F)C#CC#C,0.362189034,-0.038252773,0.22577
CC(=C)C#CCF,0.315131447,-0.057973673,0.21377
CC(=O)C#CCF,0.357621771,-0.026467518,0.20763
NC(=N)C#CCF,0.329365737,-0.062754531,0.22647
NC(=O)C#CCF,0.35737754,-0.055186092,0.23522
OC(=O)C#CCF,0.384004946,-0.034978752,0.2369
CCC#CC(F)=C,0.316131432,-0.059012976,0.21307
NCC#CC(F)=C,0.315225296,-0.052644452,0.21149
OCC#CC(F)=C,0.325659669,-0.046481368,0.21047
FCC#CC(F)=C,0.338520308,-0.037760427,0.20915
FC(=C)C#CC=C,0.304313116,-0.018366385,0.17307
FC(=C)C#CC=O,0.351506993,0.01365621,0.17502
FC(=C)C#CC#N,0.355657886,0.006964821,0.18762
FC(=C)C#CC#C,0.318671604,-0.016726641,0.18153
CC(C)=CCCF,0.315332442,-0.103816013,0.2594
CCCC=C(C)F,0.318982258,-0.115251634,0.26511
CC(F)=CCCN,0.305724874,-0.104498808,0.2546
CC(F)=CCCO,0.320597803,-0.096980149,0.25727
CC(F)=CCCF,0.328767758,-0.107347683,0.26529
CCCC=C(F)F,0.337558824,-0.1233274,0.27893
NCCC=C(F)F,0.32164361,-0.121436277,0.27032
OCCC=C(F)F,0.335403699,-0.11623988,0.27772
FCCC=C(F)F,0.347916093,-0.114558196,0.2775
CNCC=C(C)F,0.305726811,-0.101477804,0.24524
CNCC=C(F)F,0.314559855,-0.112062029,0.249
COCC=C(C)F,0.324139508,-0.102321559,0.26314
COCC=C(F)F,0.338003139,-0.109351576,0.27406
CCOC=C(C)F,0.300240337,-0.12439571,0.25177
CCOC=C(F)F,0.320582591,-0.132146478,0.26538
CC(F)=CCC=C,0.315150712,-0.085722799,0.24784
CC(F)=CCC=O,0.326135205,-0.074445744,0.21982
CC(F)=CCC#N,0.352026543,-0.081535087,0.26464
FC(F)=CCC=C,0.330164341,-0.086042083,0.25442
FC(F)=CCC=O,0.342024845,-0.070401505,0.22368
FC(F)=CCC#N,0.372313503,-0.084593557,0.27546
CC(F)=CNC=N,0.288201247,-0.083711878,0.21289
CC(F)=CNC=O,0.305130732,-0.078606319,0.21913
FC(F)=CNC=N,0.30332992,-0.086764543,0.22012
FC(F)=CNC=O,0.321873249,-0.080607312,0.2256
CC(F)=COC=C,0.285161685,-0.099117218,0.22904
CC(F)=COC=O,0.330736444,-0.069583814,0.22527
FC(F)=COC=C,0.30279734,-0.097953221,0.23521
FC(F)=COC=O,0.350117145,-0.068962331,0.23051
CC(F)=CCC#C,0.323441551,-0.099011064,0.26387
FC(F)=CCC#C,0.339471683,-0.103038027,0.27451
CC(C)=CC=CF,0.287778866,-0.063762228,0.19622
CC=CC=C(C)F,0.285865186,-0.065658574,0.19672
CC(F)=CC=CF,0.297770654,-0.064863472,0.19887
CC=CC=C(F)F,0.299374951,-0.068026007,0.20332
FC=CC=C(F)F,0.313371008,-0.067362195,0.20522
CC(F)=CC=NN,0.28162475,-0.05906093,0.18206
CC(F)=CC=NO,0.304620491,-0.051277635,0.19183
NN=CC=C(F)F,0.295112754,-0.061029389,0.18711
ON=CC=C(F)F,0.320056483,-0.052885799,0.19732
CC#CC=C(C)F,0.297021496,-0.069841983,0.20751
CC#CC=C(F)F,0.310414598,-0.073874352,0.21459
CCC(C)CCF,0.38240234,-0.141952212,0.38385
CC(CN)CCF,0.337663402,-0.137982016,0.31065
CC(CO)CCF,0.359324776,-0.138563255,0.33773
CCCC(C)CF,0.379997794,-0.146344827,0.38774
CC(CF)CCN,0.336756808,-0.141851465,0.31187
CC(CF)CCO,0.359660437,-0.139030763,0.33889
CC(CF)CCF,0.395907409,-0.148465546,0.39565
CCC(N)CCF,0.335197644,-0.137317105,0.30845
NCC(N)CCF,0.317362379,-0.1415912,0.30161
NC(CO)CCF,0.330530707,-0.129712052,0.29833
CCCC(N)CF,0.332352368,-0.140757741,0.31015
NCCC(N)CF,0.312268044,-0.138743886,0.30333
NC(CF)CCO,0.329313437,-0.135433762,0.31282
NC(CF)CCF,0.343730468,-0.136888894,0.31596
CCC(O)CCF,0.362937768,-0.136597226,0.3382
NCC(O)CCF,0.334949539,-0.1253097,0.30221
OCC(O)CCF,0.354458714,-0.128996949,0.3158
CCCC(O)CF,0.360022486,-0.146155638,0.34656
NCCC(O)CF,0.334461723,-0.131445764,0.30909
OCCC(O)CF,0.34965821,-0.142309136,0.33834
OC(CF)CCF,0.374908016,-0.145185877,0.35312
CCCC(F)CC,0.381078636,-0.152417598,0.39526
CCC(F)CCN,0.333956628,-0.147367065,0.31673
CCC(F)CCO,0.356944643,-0.142274567,0.33882
CCC(F)CCF,0.39325354,-0.150864311,0.39296
CCCC(F)CN,0.335357428,-0.145052147,0.31621
NCCC(F)CN,0.309024667,-0.143265258,0.30857
NCC(F)CCO,0.326760063,-0.138430512,0.31631
NCC(F)CCF,0.346253128,-0.143774996,0.31898
CCCC(F)CO,0.362740563,-0.147040466,0.34979
NCCC(F)CO,0.326538532,-0.145581439,0.31476
OCCC(F)CO,0.349637124,-0.140826191,0.34115
OCC(F)CCF,0.379849818,-0.133527677,0.34057
CCCC(F)CF,0.392560064,-0.150649545,0.39508
NCCC(F)CF,0.341772433,-0.147986386,0.31708
OCCC(F)CF,0.374195796,-0.14268878,0.34329
FCCC(F)CF,0.406102271,-0.154883913,0.40278
CNCC(C)CF,0.313640835,-0.144296769,0.29981
CNCC(N)CF,0.305926101,-0.136697268,0.2902
CNCC(O)CF,0.31198819,-0.144609451,0.29121
CCC(F)CNC,0.320878999,-0.147057784,0.30469
CNCC(F)CN,0.29690972,-0.144486519,0.29252
CNCC(F)CO,0.313562724,-0.145038116,0.29874
CNCC(F)CF,0.3218501,-0.15076029,0.30761
COCC(C)CF,0.349141625,-0.151515364,0.34317
COCC(N)CF,0.329318986,-0.148628246,0.31885
COCC(O)CF,0.345617494,-0.145833502,0.33323
CCC(F)COC,0.355978052,-0.14861044,0.34151
COCC(F)CN,0.322595106,-0.145968928,0.3178
COCC(F)CO,0.343623013,-0.147472875,0.33768
COCC(F)CF,0.360343153,-0.151644684,0.34544
CNC(C)CCF,0.312628395,-0.144637164,0.29923
COC(C)CCF,0.34624293,-0.143948918,0.33535
CCNC(C)CF,0.313479439,-0.150557188,0.30835
CCOC(C)CF,0.347058585,-0.152339037,0.34331
CCN(C)CCF,0.303600058,-0.14155425,0.29483
CC(CF)CC=C,0.342955283,-0.106243764,0.27405
CC(CF)CC=O,0.354549485,-0.073710278,0.23227
CC(CF)CC#N,0.408345288,-0.111602834,0.35071
NC(CF)CC=C,0.321857939,-0.106750088,0.26308
OC(CF)CC=C,0.342087047,-0.106499297,0.27534
OC(CF)CC=O,0.354072782,-0.065708202,0.23093
OC(CF)CC#N,0.391976539,-0.107213539,0.31513
CCC(F)CC=C,0.344240888,-0.105516624,0.27412
CCC(F)CC=O,0.350834952,-0.070575613,0.22453
CCC(F)CC#N,0.40558164,-0.107627195,0.34737
NCC(F)CC=C,0.314038225,-0.107147385,0.25927
OCC(F)CC=C,0.338420244,-0.099441366,0.2733
OCC(F)CC=O,0.348619335,-0.072030887,0.23163
OCC(F)CC#N,0.39112719,-0.110590979,0.31772
FCC(F)CC=C,0.349532319,-0.104409638,0.27435
FCC(F)CC=O,0.370584077,-0.064727017,0.23274
FCC(F)CC#N,0.417642171,-0.109708821,0.34826
CC(CF)NC=N,0.316343797,-0.123430014,0.26593
CC(CF)NC=O,0.347119228,-0.119332119,0.2801
CC(CF)NN=C,0.3144715,-0.09216986,0.22806
CC(CF)OC=C,0.315743987,-0.118926077,0.25778
CC(CF)OC=O,0.383694986,-0.102057062,0.28737
CC(CF)ON=C,0.344385124,-0.084539188,0.24571
CC(CF)CC#C,0.357649531,-0.124642627,0.31321
NC(CF)CC#C,0.332987725,-0.124302057,0.29189
OC(CF)CC#C,0.35614517,-0.124966307,0.31447
CCC(F)CC#C,0.355990177,-0.12474747,0.31216
NCC(F)CC#C,0.326945382,-0.131196528,0.29137
OCC(F)CC#C,0.349602594,-0.120841221,0.30942
FCC(F)CC#C,0.369440388,-0.120125739,0.31308
CC(CCF)C=C,0.345215984,-0.100416979,0.27397
CC(CCF)C=O,0.351238346,-0.067589293,0.22808
CC(CCF)C#N,0.404289241,-0.118859525,0.35276
NC(CCF)C=C,0.328621262,-0.096014992,0.25048
OC(CCF)C=C,0.342202721,-0.096426847,0.26985
OC(CCF)C=O,0.356319817,-0.059904401,0.22466
OC(CCF)C#N,0.387647571,-0.086414763,0.30087
CCCC(F)C=C,0.347125766,-0.10469142,0.27521
NCCC(F)C=C,0.32091426,-0.103015987,0.25057
OCCC(F)C=C,0.339545435,-0.100363995,0.27549
FCCC(F)C=C,0.352280784,-0.10300244,0.2753
CCCC(F)C=O,0.360258381,-0.059336195,0.22346
CCCC(F)C#N,0.411792248,-0.092403113,0.32788
OCCC(F)C=O,0.350310172,-0.062747968,0.22462
OCCC(F)C#N,0.383307897,-0.086949219,0.28876
FCCC(F)C=O,0.369154966,-0.056652321,0.22465
FCCC(F)C#N,0.41883293,-0.083955049,0.32456
CNCC(F)C=C,0.314666584,-0.102719797,0.23641
CNCC(F)C=O,0.32565276,-0.05714561,0.1887
CNCC(F)C#N,0.341247848,-0.086827183,0.23811
COCC(F)C=C,0.338841552,-0.100013161,0.27062
COCC(F)C=O,0.34835202,-0.054810607,0.21857
COCC(F)C#N,0.379318357,-0.090104749,0.27633
CN(CCF)C=N,0.304319393,-0.12188589,0.25857
CN(CCF)C=O,0.330277528,-0.115144592,0.27141
NN(CCF)C=N,0.317844223,-0.10724579,0.26438
NN(CCF)C=O,0.333203291,-0.112127346,0.26497
ON(CCF)C=N,0.321387339,-0.109047999,0.25634
ON(CCF)C=O,0.340500967,-0.103112356,0.26181
CN(CCF)N=C,0.293846373,-0.098677663,0.22219
FC(CC=C)C=C,0.329774054,-0.083929584,0.26649
FC(CC=O)C=C,0.338009519,-0.058517096,0.22254
FC(CC#N)C=C,0.370594221,-0.074850528,0.27433
FC(CC=C)C=O,0.341203857,-0.052163771,0.21757
FC(CC=C)C#N,0.368998514,-0.060495684,0.26249
FC(CC=O)C=O,0.357292666,-0.036798245,0.2193
FC(CC#N)C=O,0.38074529,-0.034622386,0.22143
FC(CC=O)C#N,0.384791606,-0.045951357,0.23316
FC(CC#N)C#N,0.433327249,-0.05427265,0.31655
FC(CC#C)C=C,0.337745785,-0.089962142,0.26721
FC(CC#C)C=O,0.346476266,-0.052639855,0.21641
FC(CC#C)C#N,0.382509307,-0.072931018,0.27371
CC(CCF)C#C,0.357333064,-0.133974733,0.31301
NC(CCF)C#C,0.335108391,-0.109895537,0.28017
OC(CCF)C#C,0.348024969,-0.105473568,0.28927
CCCC(F)C#C,0.363689007,-0.110998553,0.29603
NCCC(F)C#C,0.329763947,-0.107438863,0.2598
OCCC(F)C#C,0.352215936,-0.104226578,0.29045
FCCC(F)C#C,0.369239664,-0.10321017,0.2936
CNCC(F)C#C,0.32141006,-0.105409584,0.24625
COCC(F)C#C,0.349430264,-0.109020919,0.28473
FC(CC=C)C#C,0.339820521,-0.078020169,0.26526
FC(CC=O)C#C,0.348572698,-0.049430855,0.22133
FC(CC#N)C#C,0.3870451,-0.074245381,0.29228
FC(CC#C)C#C,0.349648773,-0.091717688,0.28148
CCC(=C)CCF,0.338822208,-0.103973328,0.272
NCC(=C)CCF,0.316486461,-0.105486197,0.25599
OCC(=C)CCF,0.325945366,-0.104870166,0.265
CCCC(=C)CF,0.335822246,-0.100471512,0.26802
NCCC(=C)CF,0.316879287,-0.102339764,0.25492
OCCC(=C)CF,0.33816451,-0.097426935,0.26598
FCCC(=C)CF,0.350520804,-0.090533266,0.26609
CCC(=O)CCF,0.340334781,-0.072782017,0.23005
OCC(=O)CCF,0.343563376,-0.063275997,0.22289
CCCC(=O)CF,0.348230118,-0.069866729,0.23098
OCCC(=O)CF,0.34258372,-0.063468179,0.2232
FCCC(=O)CF,0.355803568,-0.055851887,0.22233
CNCC(=C)CF,0.313864501,-0.104258401,0.24703
CNCC(=O)CF,0.316283774,-0.061510725,0.1999
COCC(=C)CF,0.33618455,-0.093950691,0.26636
COCC(=O)CF,0.350267489,-0.056331054,0.22078
CNC(=N)CCF,0.312326597,-0.120140994,0.26358
NNC(=N)CCF,0.317917912,-0.117018769,0.26667
ONC(=N)CCF,0.336401222,-0.10725183,0.26743
CNC(=O)CCF,0.336211713,-0.115120949,0.27459
NNC(=O)CCF,0.348957336,-0.110181441,0.27579
ONC(=O)CCF,0.336422069,-0.099489971,0.24575
COC(=C)CCF,0.317991158,-0.117599548,0.26297
COC(=O)CCF,0.379699306,-0.0975897,0.2852
CCNC(=N)CF,0.317432529,-0.117319411,0.2623
CCNC(=O)CF,0.343849264,-0.112666425,0.27889
CNNC(=N)CF,0.324525153,-0.114925601,0.26498
CNNC(=O)CF,0.331161858,-0.105496681,0.25794
CONC(=N)CF,0.339014178,-0.101733413,0.26248
CONC(=O)CF,0.346255422,-0.098289953,0.26338
CCOC(=C)CF,0.317130758,-0.126037454,0.26735
CCOC(=O)CF,0.376418221,-0.096747422,0.28283
FCC(=C)CC=C,0.333852723,-0.076321389,0.25506
FCC(=C)CC=O,0.337017711,-0.059219028,0.22487
FCC(=C)CC#N,0.378071804,-0.061584217,0.26776
FCC(=O)CC=C,0.33059129,-0.04664623,0.21095
FCC(=O)CC=O,0.34982603,-0.042190647,0.2181
FCC(=O)CC#N,0.376903098,-0.032372454,0.22483
FCC(=C)NC=N,0.305008324,-0.066561677,0.21227
FCC(=C)NC=O,0.319822046,-0.067623701,0.2202
FCC(=N)NC=C,0.291497471,-0.076948754,0.20992
FCC(=N)NC=N,0.332012753,-0.067325619,0.23171
FCC(=N)NC=O,0.359315696,-0.056550629,0.24274
FCC(=O)NC=C,0.319025961,-0.067185031,0.22024
FCC(=O)NC=N,0.362314191,-0.052642812,0.23808
FCC(=O)NC=O,0.374458306,-0.035050335,0.23051
FCC(=N)NN=C,0.3202153,-0.07170295,0.22334
FCC(=O)NN=C,0.345438998,-0.051530792,0.22581
FCC(=C)OC=C,0.311420384,-0.085149782,0.23741
FCC(=C)OC=O,0.353256612,-0.061321055,0.24011
FCC(=O)OC=C,0.35292472,-0.060058796,0.23757
FCC(=O)ON=C,0.379972522,-0.049755585,0.24665
FCC(=C)CC#C,0.342001009,-0.087457578,0.26905
FCC(=O)CC#C,0.341184158,-0.050521027,0.21638
FCCC(=C)C=C,0.319230047,-0.052081401,0.21031
FCCC(=C)C=O,0.347087068,-0.023145087,0.18929
FCCC(=C)C#N,0.366792457,-0.034169137,0.23037
FCCC(=O)C=C,0.340128198,-0.024857447,0.18975
FCCC(=O)C=O,0.358986512,0.012866626,0.15649
FCCC(=O)C#N,0.394678565,0.00456375,0.20451
FCCC(=C)C#C,0.32858789,-0.050797205,0.21457
FCCC(=O)C#C,0.36442285,-0.021998718,0.20643
CCC(C)C=CF,0.333908844,-0.113381834,0.2713
CC(CN)C=CF,0.316018272,-0.109518341,0.26248
CC(CO)C=CF,0.336693651,-0.099613116,0.26624
CC=CC(C)CF,0.326842559,-0.106670293,0.26749
CC(CF)C=CF,0.342360398,-0.108424931,0.27057
CCC(N)C=CF,0.322429637,-0.104243672,0.26039
NCC(N)C=CF,0.31126424,-0.102318547,0.2478
NC(CO)C=CF,0.319167131,-0.09486995,0.24654
CC=CC(N)CF,0.313438855,-0.10259243,0.2499
NC(CF)C=CF,0.334943726,-0.105263126,0.26343
CCC(O)C=CF,0.34502114,-0.098336745,0.26715
NCC(O)C=CF,0.31806432,-0.114677613,0.26723
OCC(O)C=CF,0.337990276,-0.10703731,0.26922
CC=CC(O)CF,0.332290376,-0.103662459,0.26806
OC(CF)C=CF,0.349148354,-0.088891821,0.26384
CCC(F)C=CC,0.329396683,-0.108018219,0.26884
CCC(F)C=CF,0.345512801,-0.109644828,0.27183
CC=CC(F)CN,0.315345321,-0.097621065,0.25778
NCC(F)C=CF,0.327052967,-0.097836255,0.25998
CC=CC(F)CO,0.33561295,-0.089528815,0.26095
OCC(F)C=CF,0.343457379,-0.102611175,0.27071
CC=CC(F)CF,0.338501534,-0.098631073,0.26713
FCC(F)C=CF,0.355472132,-0.099350221,0.27011
CC(CF)C=NN,0.316205605,-0.095941226,0.23555
CC(CF)C=NO,0.347001631,-0.09063344,0.25422
NC(CF)C=NO,0.335098063,-0.091768523,0.24866
NN=CC(O)CF,0.326034779,-0.08246855,0.23501
ON=CC(O)CF,0.35002479,-0.082037753,0.25335
CCC(F)C=NN,0.326495122,-0.086209606,0.2336
CCC(F)C=NO,0.359248632,-0.079481259,0.25276
NCC(F)C=NO,0.330698239,-0.084168802,0.23431
NN=CC(F)CO,0.326816007,-0.073810337,0.22872
OCC(F)C=NO,0.349999016,-0.079693668,0.25167
NN=CC(F)CF,0.334160407,-0.08111082,0.23211
ON=CC(F)CF,0.369387506,-0.073466391,0.25197
CNC(C)C=CF,0.31377414,-0.106918874,0.2446
COC(C)C=CF,0.326143812,-0.110891954,0.26998
CC(C=C)C=CF,0.326503819,-0.081253876,0.25067
CC(C=O)C=CF,0.332716792,-0.065581639,0.22016
CC(C=CF)C#N,0.365163135,-0.074622478,0.26541
NC(C=C)C=CF,0.318168065,-0.072513961,0.23411
OC(C=C)C=CF,0.331008914,-0.07287621,0.23807
OC(C=O)C=CF,0.341651906,-0.042315709,0.20391
OC(C=CF)C#N,0.376442122,-0.052880863,0.25705
CC=CC(F)C=C,0.326740072,-0.081792203,0.25399
FC=CC(F)C=C,0.340602418,-0.078808103,0.25553
CC=CC(F)C=O,0.331328713,-0.045873485,0.20775
CC=CC(F)C#N,0.362466432,-0.067726446,0.26197
FC=CC(F)C=O,0.345289979,-0.041072426,0.20773
FC=CC(F)C#N,0.38094978,-0.063591671,0.26272
NN=CC(F)C=C,0.320024161,-0.065278297,0.22458
ON=CC(F)C=C,0.345406122,-0.057392455,0.2412
ON=CC(F)C=O,0.357994922,-0.044283781,0.22195
ON=CC(F)C#N,0.390603973,-0.03144075,0.23959
CN(C=N)C=CF,0.292805928,-0.08093518,0.21275
CN(C=O)C=CF,0.310325223,-0.076654248,0.21932
NN(C=N)C=CF,0.292924426,-0.089549529,0.2188
NN(C=O)C=CF,0.310914828,-0.076009292,0.21609
ON(C=N)C=CF,0.301798529,-0.087542998,0.22367
ON(C=O)C=CF,0.310077341,-0.062463058,0.20197
CC(C=CF)C#C,0.334229119,-0.092727452,0.26428
NC(C=CF)C#C,0.325400482,-0.083633723,0.24624
OC(C=CF)C#C,0.345293125,-0.07291994,0.25525
CC=CC(F)C#C,0.336749106,-0.087966673,0.26533
FC=CC(F)C#C,0.351834807,-0.085080825,0.26694
NN=CC(F)C#C,0.32699733,-0.060735605,0.22167
ON=CC(F)C#C,0.35625686,-0.052253672,0.23978
CCC(=C)C=CF,0.305976453,-0.061726407,0.20515
NCC(=C)C=CF,0.30351825,-0.063366646,0.20452
OCC(=C)C=CF,0.307536215,-0.06181017,0.20454
CC=CC(=C)CF,0.306479237,-0.058497925,0.20763
FCC(=C)C=CF,0.31814055,-0.052710452,0.20437
CCC(=O)C=CF,0.34284453,-0.033872663,0.19917
OCC(=O)C=CF,0.354266479,-0.029511071,0.19609
CC=CC(=O)CF,0.340931018,-0.022053372,0.19121
NC=CC(=O)CF,0.305300075,-0.05283692,0.18953
FCC(=O)C=CF,0.357065344,-0.019094907,0.19458
NN=CC(=C)CF,0.294785646,-0.048035539,0.18107
ON=CC(=C)CF,0.319233985,-0.038306068,0.19016
ON=CC(=O)CF,0.356899216,-0.00633007,0.1827
CNC(=N)C=CF,0.308363312,-0.066735979,0.20969
NNC(=N)C=CF,0.310240358,-0.067628933,0.21039
ONC(=N)C=CF,0.327188064,-0.057492562,0.21539
CNC(=O)C=CF,0.338698024,-0.057640557,0.22542
NNC(=O)C=CF,0.345062468,-0.051012997,0.22267
ONC(=O)C=CF,0.353219141,-0.04329708,0.21756
COC(=C)C=CF,0.298381974,-0.069106116,0.20381
COC(=O)C=CF,0.370911353,-0.044297914,0.23336
FC=CC(=C)C=C,0.30420901,-0.040539453,0.19184
FC=CC(=C)C=O,0.329202605,-0.00426197,0.16973
FC=CC(=C)C#N,0.336741013,-0.014713911,0.18859
FC=CC(=O)C=C,0.355014828,-0.002074634,0.17775
FC=CC(=O)C=O,0.351383667,0.023482284,0.14993
FC=CC(=O)C#N,0.399688154,0.026786198,0.19147
FC=CC(=C)C#C,0.307390309,-0.035970634,0.18786
FC=CC(=O)C#C,0.359416526,0.001604689,0.18756
CC#CC(C)CF,0.340096388,-0.12979867,0.30308
CC#CC(N)CF,0.323264987,-0.125815767,0.28698
CC#CC(O)CF,0.342951415,-0.116320795,0.29285
CCC(F)C#CC,0.343022111,-0.112489481,0.28664
CC#CC(F)CN,0.325163371,-0.103469115,0.26611
CC#CC(F)CO,0.340113863,-0.10528465,0.28057
CC#CC(F)CF,0.357099671,-0.10398255,0.28749
CC#CC(F)C=C,0.340912597,-0.08907252,0.26676
CC#CC(F)C=O,0.342078145,-0.0418279,0.20959
CC#CC(F)C#N,0.378590142,-0.053034398,0.25735
CC#CC(F)C#C,0.353055287,-0.073752618,0.25986
CC#CC(=C)CF,0.312503558,-0.061741278,0.21396
CC#CC(=O)CF,0.353365505,-0.023701065,0.20306
CC=C(C)CCF,0.313044949,-0.106125975,0.25937
CCCC(C)=CF,0.321237192,-0.113419009,0.26492
CC(CCN)=CF,0.305283216,-0.109779655,0.25479
CC(CCO)=CF,0.321194583,-0.10458615,0.2591
CC(CCF)=CF,0.32789211,-0.108301381,0.26343
CCCC(F)=CC,0.319580431,-0.116424754,0.26706
CC=C(F)CCN,0.309956026,-0.116166128,0.26679
CC=C(F)CCO,0.326283114,-0.102319511,0.26435
CC=C(F)CCF,0.332730959,-0.106582069,0.26579
CCCC(F)=CF,0.334456976,-0.117467923,0.26866
NCCC(F)=CF,0.317486048,-0.116753635,0.26421
OCCC(F)=CF,0.331000536,-0.113377261,0.26799
FCCC(F)=CF,0.343695185,-0.110734758,0.26791
CNCC(C)=CF,0.307337814,-0.110488448,0.25004
CNCC(F)=CC,0.30758472,-0.106439155,0.25007
CNCC(F)=CF,0.319607237,-0.104373534,0.25211
COCC(C)=CF,0.327308339,-0.105531949,0.2654
COCC(F)=CC,0.326761444,-0.100592825,0.26206
COCC(F)=CF,0.34119674,-0.099951933,0.26371
CC(CCF)=NN,0.309096598,-0.099455736,0.23727
CC(CCF)=NO,0.337499687,-0.094173427,0.25486
CCOC(C)=CF,0.310946024,-0.12207867,0.25711
CC(CC=C)=CF,0.320371957,-0.085828994,0.24755
CC(CC=O)=CF,0.322291656,-0.070210912,0.21371
CC(CC#N)=CF,0.353210528,-0.081442142,0.26288
CC=C(F)CC=C,0.319593406,-0.088007357,0.24782
CC=C(F)CC=O,0.321955182,-0.05888445,0.20868
CC=C(F)CC#N,0.351587903,-0.080613147,0.26259
FC=C(F)CC=C,0.332715392,-0.083958925,0.24721
FC=C(F)CC=O,0.335145097,-0.05358898,0.20782
FC=C(F)CC#N,0.368597458,-0.077555537,0.26308
CC(NC=N)=CF,0.291848476,-0.086991313,0.21774
CC(NC=O)=CF,0.309845868,-0.073872831,0.21725
CC(OC=C)=CF,0.310001984,-0.096134525,0.24751
CC(OC=O)=CF,0.342668788,-0.079646994,0.24239
CC(CC#C)=CF,0.328379197,-0.098746912,0.26431
CC=C(F)CC#C,0.327110571,-0.098405007,0.26468
FC=C(F)CC#C,0.340704466,-0.096432499,0.26555
CC=C(C)C=CF,0.292288913,-0.065406897,0.20086
CC=CC(C)=CF,0.291942904,-0.066678014,0.20144
CC(=CF)C=CF,0.304821505,-0.06487742,0.20262
CC=CC(F)=CC,0.291434158,-0.059991997,0.19733
CC=C(F)C=CF,0.304493219,-0.05855516,0.19921
CC=CC(F)=CF,0.303792709,-0.057929898,0.19766
FC=CC(F)=CF,0.317936178,-0.056319561,0.19927
CC(=CF)C=NN,0.288595746,-0.060291213,0.18702
CC(=CF)C=NO,0.31115709,-0.052765973,0.1965
CC=C(F)C=NN,0.286791677,-0.049426466,0.17692
CC=C(F)C=NO,0.30917088,-0.039814033,0.18358
NC=C(F)C=NN,0.258103436,-0.064069213,0.16249
NC=C(F)C=NO,0.275128616,-0.057822667,0.16723
NN=CC(F)=CF,0.29997298,-0.046772714,0.17779
ON=CC(F)=CF,0.324062805,-0.036602627,0.18438
CC(C=CF)=NN,0.294367096,-0.04842853,0.17957
CC(C=CF)=NO,0.315915629,-0.047958326,0.19574
CC#CC(C)=CF,0.299989736,-0.073198797,0.21227
CC=C(F)C#CC,0.301742236,-0.066031131,0.20987
CC#CC(F)=CF,0.315061734,-0.064089969,0.21019
CCC(C)=CCF,0.327616165,-0.0911428,0.25712
CC(CN)=CCF,0.319961089,-0.083989327,0.23592
CC(CO)=CCF,0.334391221,-0.074425062,0.24289
CCC=C(C)CF,0.318564426,-0.103353724,0.2616
CC(CF)=CCN,0.3068857,-0.095474036,0.24405
CC(CF)=CCO,0.324485948,-0.088911126,0.2523
CC(CF)=CCF,0.33515997,-0.086748378,0.25416
CCC=C(F)CC,0.319238594,-0.109797033,0.26475
CCC(F)=CCN,0.31319088,-0.101784064,0.25525
CCC(F)=CCO,0.329677235,-0.094095554,0.2586
CCC(F)=CCF,0.342828959,-0.092482561,0.26257
CCC=C(F)CN,0.315030566,-0.102851294,0.26037
NCC=C(F)CN,0.308639272,-0.097071062,0.25197
NCC(F)=CCO,0.321987931,-0.099093413,0.25946
NCC(F)=CCF,0.333046982,-0.087775817,0.25161
CCC=C(F)CO,0.334665769,-0.098411308,0.26416
NCC=C(F)CO,0.324084363,-0.092152934,0.24926
OCC=C(F)CO,0.336624776,-0.088532587,0.25934
OCC(F)=CCF,0.342256287,-0.099035179,0.26561
CCC=C(F)CF,0.333473709,-0.107305428,0.26871
NCC=C(F)CF,0.323528039,-0.099077115,0.25386
OCC=C(F)CF,0.336935662,-0.094449244,0.26316
FCC=C(F)CF,0.357988446,-0.089659315,0.26659
COC=C(C)CF,0.293080045,-0.116488336,0.24593
CCC(F)=COC,0.297212219,-0.119692263,0.24989
COC=C(F)CN,0.297246736,-0.112360367,0.24689
COC=C(F)CO,0.307896041,-0.10932192,0.24572
COC=C(F)CF,0.307776216,-0.119493374,0.25159
COC(C)=CCF,0.308634096,-0.098031494,0.24142
CNN=C(C)CF,0.299636823,-0.087542631,0.22118
CON=C(C)CF,0.332280728,-0.079419888,0.2402
CC(CF)=CC=C,0.303567498,-0.047660202,0.19631
CC(CF)=CC=O,0.345132523,-0.016684894,0.18753
CC(CF)=CC#N,0.359417729,-0.027282824,0.22064
NC(CF)=CC=O,0.305707025,-0.052343344,0.18977
NC(CF)=CC#N,0.314070494,-0.055891806,0.20313
CCC(F)=CC=C,0.297096617,-0.060165893,0.19918
CCC(F)=CC=O,0.342053837,-0.029095994,0.1918
CCC(F)=CC#N,0.355185653,-0.040159922,0.22525
NCC(F)=CC=C,0.298204042,-0.056754733,0.19929
OCC(F)=CC=C,0.297409624,-0.064784787,0.20087
OCC(F)=CC=O,0.342123173,-0.033002094,0.19268
OCC(F)=CC#N,0.355192114,-0.044673955,0.22706
FCC(F)=CC=C,0.308786248,-0.055865911,0.20133
FCC(F)=CC=O,0.352967704,-0.023454656,0.19157
FCC(F)=CC#N,0.370001662,-0.034123044,0.22723
CC(CF)=NN=C,0.321533495,-0.037481607,0.19306
CC(CF)=CC#C,0.317131019,-0.049021938,0.2061
CCC(F)=CC#C,0.310745846,-0.062689527,0.21029
NCC(F)=CC#C,0.309957171,-0.058938852,0.20988
OCC(F)=CC#C,0.311342206,-0.067517091,0.21216
FCC(F)=CC#C,0.323286337,-0.05770855,0.21171
CC(C=C)=CCF,0.310567261,-0.046358583,0.20026
CC(C=O)=CCF,0.339103681,-0.027706297,0.18893
CC(=CCF)C#N,0.353251389,-0.039551254,0.22675
CCC=C(F)C=C,0.303063531,-0.053489776,0.1985
NCC=C(F)C=C,0.301303065,-0.049765883,0.19699
OCC=C(F)C=C,0.308346366,-0.047542312,0.19788
FCC=C(F)C=C,0.323016326,-0.038887948,0.19911
CCC=C(F)C=O,0.351624257,-0.017755003,0.19494
CCC=C(F)C#N,0.358081454,-0.034951163,0.22269
OCC=C(F)C=O,0.348162172,-0.013989299,0.19166
OCC=C(F)C#N,0.357734677,-0.029230711,0.2183
FCC=C(F)C=O,0.367925898,-0.004926207,0.19462
FCC=C(F)C#N,0.379427539,-0.019523948,0.22243
CNC=C(F)C=O,0.292974719,-0.045118662,0.17082
CNC=C(F)C#N,0.299923084,-0.061056187,0.19512
COC=C(F)C=C,0.281608393,-0.06423204,0.18579
COC=C(F)C=O,0.325469362,-0.029742238,0.18013
COC=C(F)C#N,0.331382318,-0.048195967,0.20698
FC(C=C)=CC=C,0.288939935,-0.024029058,0.164
FC(C=C)=CC=O,0.339669972,0.003440512,0.1734
FC(C=C)=CC#N,0.3390723,-0.000632347,0.18008
FC(C=O)=CC=C,0.330334274,0.005159261,0.16363
FC(=CC=C)C#N,0.333496733,-0.000368872,0.17524
FC(C=O)=CC=O,0.360614503,0.032496669,0.1536
FC(=CC=O)C#N,0.377144571,0.030714457,0.16787
FC(C=O)=CC#N,0.391053197,0.030804121,0.17794
FC(=CC#N)C#N,0.39359808,0.02883508,0.19305
FC(C=C)=CC#C,0.301994008,-0.021356716,0.16897
FC(C=O)=CC#C,0.345544132,0.008938828,0.16791
FC(=CC#C)C#N,0.347962751,0.003943772,0.17921
CC(=CCF)C#C,0.319765526,-0.050796147,0.2104
CCC=C(F)C#C,0.316955099,-0.057129891,0.21159
NCC=C(F)C#C,0.312348782,-0.05297939,0.20792
OCC=C(F)C#C,0.320915639,-0.050728383,0.20972
FCC=C(F)C#C,0.337081174,-0.041707622,0.21059
COC=C(F)C#C,0.294076031,-0.069323761,0.19873
FC(=CC=C)C#C,0.299238801,-0.02171424,0.16903
FC(=CC=O)C#C,0.352670626,0.00767584,0.17007
FC(=CC#N)C#C,0.352202529,0.00398884,0.18483
FC(=CC#C)C#C,0.31210574,-0.019082502,0.17408
CC(C)C(C)CF,0.381181445,-0.138589296,0.37956
CC(N)C(C)CF,0.332540057,-0.134303834,0.30461
CC(O)C(C)CF,0.36168895,-0.134300002,0.33538
CCC(C)C(C)F,0.382829316,-0.149705267,0.38942
CC(F)C(C)CN,0.332649355,-0.146557861,0.31464
CC(F)C(C)CO,0.357610242,-0.140817873,0.33607
CC(F)C(C)CF,0.391681291,-0.144044427,0.38571
CCC(C)C(F)F,0.39622165,-0.149278439,0.39617
CC(CN)C(F)F,0.342021169,-0.148273704,0.31659
CC(CO)C(F)F,0.375368705,-0.139844719,0.34017
CC(CF)C(F)F,0.40802089,-0.158656745,0.40505
CC(C)C(N)CF,0.334143652,-0.130160497,0.30339
CC(N)C(N)CF,0.318716543,-0.124822273,0.29081
CC(O)C(N)CF,0.332480688,-0.120528812,0.29252
CCC(N)C(C)F,0.330080389,-0.138420802,0.30746
CC(F)C(N)CN,0.310044998,-0.132703103,0.29425
CC(F)C(N)CO,0.338216247,-0.127349025,0.30612
CC(F)C(N)CF,0.346583764,-0.138847287,0.31672
CCC(N)C(F)F,0.345724477,-0.138132434,0.31444
NCC(N)C(F)F,0.328953767,-0.14090021,0.30841
NC(CO)C(F)F,0.341402109,-0.133719554,0.30421
NC(CF)C(F)F,0.356238222,-0.143094477,0.32157
CC(C)C(O)CF,0.358279818,-0.137258563,0.33591
CC(N)C(O)CF,0.329764484,-0.133726265,0.29635
CC(O)C(O)CF,0.351352968,-0.132873633,0.31883
CCC(O)C(C)F,0.359981652,-0.14615336,0.34707
CC(F)C(O)CN,0.342297603,-0.137512169,0.31799
CC(F)C(O)CO,0.36013584,-0.129058867,0.32002
CC(F)C(O)CF,0.370834397,-0.137554216,0.33985
CCC(O)C(F)F,0.375385519,-0.147851971,0.35416
NCC(O)C(F)F,0.353383004,-0.134762383,0.32071
OCC(O)C(F)F,0.370633876,-0.12697442,0.32182
OC(CF)C(F)F,0.39660477,-0.142515644,0.35055
CCC(F)C(C)C,0.389089729,-0.150977391,0.39127
CC(C)C(F)CN,0.341786027,-0.132979549,0.30669
CC(C)C(F)CO,0.362437733,-0.137270412,0.33931
CC(C)C(F)CF,0.393823473,-0.141480839,0.38408
CCC(F)C(C)N,0.332069607,-0.139808582,0.30986
CC(N)C(F)CN,0.308129245,-0.141428448,0.29883
CC(N)C(F)CO,0.335412629,-0.128308041,0.30479
CC(N)C(F)CF,0.346449539,-0.138865108,0.31458
CCC(F)C(C)O,0.360775349,-0.145110239,0.34581
CC(O)C(F)CN,0.338679768,-0.129153476,0.30624
CC(O)C(F)CO,0.352862177,-0.124473369,0.30954
CC(O)C(F)CF,0.374927071,-0.144718757,0.35139
CCC(F)C(C)F,0.393590527,-0.145849959,0.38795
CC(F)C(F)CN,0.341274339,-0.146237034,0.31683
CC(F)C(F)CO,0.373307874,-0.146390352,0.34601
CC(F)C(F)CF,0.404579287,-0.149785352,0.37988
CCC(F)C(F)F,0.411059278,-0.153265203,0.39794
NCC(F)C(F)F,0.354127206,-0.144924221,0.32132
OCC(F)C(F)F,0.391118136,-0.13653104,0.34556
FCC(F)C(F)F,0.4223999,-0.160658059,0.40062
CNC(C)C(C)F,0.319007884,-0.14514377,0.30457
CNC(C)C(F)F,0.327724288,-0.153443339,0.31685
COC(C)C(C)F,0.347900957,-0.154182494,0.3441
COC(C)C(F)F,0.360655,-0.149952771,0.34497
CC(CF)N(C)C,0.302769946,-0.145388929,0.29755
CC(F)C(C)C=C,0.342410297,-0.10578086,0.27492
CC(F)C(C)C=O,0.356918776,-0.063904345,0.22772
CC(F)C(C)C#N,0.406117968,-0.108771965,0.34818
CC(C=C)C(F)F,0.356805941,-0.094063593,0.2732
CC(C=O)C(F)F,0.368581203,-0.058938364,0.22601
CC(C#N)C(F)F,0.42123098,-0.10899678,0.34826
CC(F)C(N)C=C,0.323283487,-0.10535609,0.26187
NC(C=C)C(F)F,0.336997893,-0.093697438,0.25258
CC(F)C(O)C=C,0.344787829,-0.097966951,0.27011
CC(F)C(O)C=O,0.373515162,-0.044870818,0.22792
CC(F)C(O)C#N,0.402240659,-0.096308697,0.31631
OC(C=C)C(F)F,0.363179925,-0.08101319,0.26722
OC(C=O)C(F)F,0.384429706,-0.046152446,0.23502
OC(C#N)C(F)F,0.422505046,-0.077365995,0.31516
CC(C)C(F)C=C,0.346780431,-0.101559403,0.27399
CC(C)C(F)C=O,0.360482479,-0.057035915,0.22262
CC(C)C(F)C#N,0.412074295,-0.089610091,0.32541
CC(N)C(F)C=C,0.32255112,-0.10541778,0.26445
CC(O)C(F)C=C,0.337416832,-0.098291992,0.27012
CC(O)C(F)C=O,0.356709176,-0.051442216,0.21903
CC(O)C(F)C#N,0.388774927,-0.077647613,0.28074
CC(F)C(F)C=C,0.354796607,-0.098616552,0.27421
CC(F)C(F)C=O,0.374611421,-0.047248242,0.22221
CC(F)C(F)C#N,0.422149144,-0.07779323,0.31936
FC(F)C(F)C=C,0.370102293,-0.088811474,0.27415
FC(F)C(F)C=O,0.384916914,-0.048147118,0.22488
FC(F)C(F)C#N,0.440796185,-0.069876568,0.32081
CC(F)C(C)C#C,0.356244853,-0.125058076,0.31268
CC(C#C)C(F)F,0.369179545,-0.12740048,0.31405
CC(F)C(N)C#C,0.333844767,-0.115623137,0.28526
NC(C#C)C(F)F,0.351276862,-0.116283646,0.29136
CC(F)C(O)C#C,0.360207481,-0.114137723,0.30222
OC(C#C)C(F)F,0.372288418,-0.096943719,0.29341
CC(C)C(F)C#C,0.363610726,-0.108108252,0.29505
CC(N)C(F)C#C,0.333808405,-0.100979312,0.26046
CC(O)C(F)C#C,0.352284609,-0.096009079,0.27795
CC(F)C(F)C#C,0.371774309,-0.097642815,0.28966
FC(F)C(F)C#C,0.387862896,-0.091019644,0.29176
CC(CF)C(C)=C,0.33466246,-0.09932109,0.26611
CC(CF)C(C)=O,0.337120253,-0.074923829,0.22753
CC(CF)C(N)=N,0.33356913,-0.110547189,0.26632
CC(CF)C(N)=O,0.348411919,-0.111345829,0.27423
CC(CF)C(O)=O,0.366073477,-0.102404234,0.27558
CCC(C)C(F)=C,0.337104746,-0.112718504,0.27443
CC(CN)C(F)=C,0.318759827,-0.110354062,0.26533
CC(CO)C(F)=C,0.333084189,-0.10391579,0.26972
CC(CF)C(F)=C,0.349741188,-0.101511401,0.27153
CC(=C)C(N)CF,0.323368181,-0.100713036,0.25951
NC(CF)C(N)=N,0.321104745,-0.112897692,0.26231
NC(CF)C(N)=O,0.334795651,-0.106977855,0.26782
NC(CF)C(O)=O,0.358312396,-0.090189326,0.26832
CCC(N)C(F)=C,0.323981555,-0.10591713,0.26283
NCC(N)C(F)=C,0.314216672,-0.10363943,0.25112
NC(CO)C(F)=C,0.322161894,-0.097019254,0.25036
NC(CF)C(F)=C,0.334910938,-0.09493122,0.25343
CC(=C)C(O)CF,0.339795575,-0.096665246,0.26584
CC(=O)C(O)CF,0.363385069,-0.059852564,0.23914
NC(=N)C(O)CF,0.340483992,-0.106852858,0.26773
NC(=O)C(O)CF,0.351870512,-0.115082356,0.27682
OC(CF)C(O)=O,0.379760136,-0.09534729,0.27811
CCC(O)C(F)=C,0.348492221,-0.102499245,0.27401
NCC(O)C(F)=C,0.328106962,-0.098395336,0.26592
OCC(O)C(F)=C,0.339070897,-0.103728762,0.27326
OC(CF)C(F)=C,0.348752505,-0.104240088,0.27308
CCC(F)C(C)=C,0.334622722,-0.104103118,0.26861
CC(=C)C(F)CN,0.323223647,-0.093360703,0.24893
CC(=C)C(F)CO,0.331335927,-0.092724197,0.25845
CC(=C)C(F)CF,0.341918262,-0.095067839,0.26585
CCC(F)C(C)=O,0.344892933,-0.068897923,0.22788
CC(=O)C(F)CO,0.350858428,-0.050649398,0.22108
CC(=O)C(F)CF,0.35497967,-0.061187124,0.22693
CCC(F)C(N)=N,0.329090015,-0.1141109,0.26271
NCC(F)C(N)=N,0.319933185,-0.104393607,0.25699
NC(=N)C(F)CO,0.335305714,-0.102502547,0.26471
NC(=N)C(F)CF,0.346995007,-0.108530352,0.27009
CCC(F)C(N)=O,0.348284003,-0.11539861,0.2761
NCC(F)C(N)=O,0.332587356,-0.103777089,0.25771
NC(=O)C(F)CO,0.352277487,-0.097081102,0.26784
NC(=O)C(F)CF,0.362760716,-0.103830321,0.27431
CCC(F)C(O)=O,0.377108249,-0.095737412,0.27798
NCC(F)C(O)=O,0.355053431,-0.090830813,0.25961
OCC(F)C(O)=O,0.370332138,-0.089530741,0.27657
OC(=O)C(F)CF,0.390669073,-0.089951239,0.27987
CCC(F)C(F)=C,0.351310774,-0.108363787,0.27602
NCC(F)C(F)=C,0.333926488,-0.103009203,0.25968
OCC(F)C(F)=C,0.349467352,-0.100781253,0.27483
FCC(F)C(F)=C,0.365477066,-0.09526445,0.27398
CNC(C)C(F)=C,0.316306639,-0.110161041,0.25632
COC(C)C(F)=C,0.332184928,-0.11053351,0.27473
CC(C=C)C(F)=C,0.330723224,-0.080651795,0.25387
CC(C=O)C(F)=C,0.331494668,-0.050658564,0.21211
CC(C#N)C(F)=C,0.369650564,-0.073891175,0.26764
NC(C=C)C(F)=C,0.321817563,-0.072465368,0.23562
OC(C=C)C(F)=C,0.336704473,-0.070744154,0.23994
OC(C=O)C(F)=C,0.346596443,-0.039215131,0.2052
OC(C#N)C(F)=C,0.372242431,-0.070823334,0.26494
CC(=C)C(F)C=C,0.330865429,-0.081012722,0.25638
CC(=C)C(F)C=O,0.335175326,-0.041907001,0.20676
CC(=C)C(F)C#N,0.367670755,-0.065618704,0.26298
CC(=O)C(F)C=C,0.333093691,-0.05320618,0.21935
CC(=O)C(F)C=O,0.348584734,-0.025917588,0.20016
CC(=O)C(F)C#N,0.377784244,-0.030261533,0.22436
NC(=N)C(F)C=C,0.324913672,-0.09232713,0.2544
NC(=N)C(F)C=O,0.340839771,-0.044075141,0.2081
NC(=N)C(F)C#N,0.360863299,-0.072789413,0.25337
NC(=O)C(F)C=C,0.334399555,-0.082977881,0.25231
NC(=O)C(F)C=O,0.35214887,-0.049573766,0.21781
NC(=O)C(F)C#N,0.379882034,-0.068096369,0.26306
OC(=O)C(F)C=C,0.35682636,-0.066696626,0.25611
FC(C=C)C(F)=C,0.344887687,-0.077769612,0.25925
FC(C=O)C(F)=C,0.349815854,-0.036371396,0.20825
FC(C#N)C(F)=C,0.386294705,-0.061705471,0.264
CC(C#C)C(F)=C,0.339725011,-0.092209898,0.26866
NC(C#C)C(F)=C,0.330696477,-0.083874341,0.25527
OC(C#C)C(F)=C,0.346854928,-0.086591931,0.2644
CC(=C)C(F)C#C,0.344758137,-0.084410304,0.26566
CC(=O)C(F)C#C,0.344689639,-0.047786234,0.21887
NC(=N)C(F)C#C,0.336607545,-0.080749557,0.24831
NC(=O)C(F)C#C,0.345298498,-0.086019502,0.26051
OC(=O)C(F)C#C,0.369555015,-0.070854419,0.26647
FC(C#C)C(F)=C,0.356842023,-0.082086251,0.26821
CC(C)C(=C)CF,0.33526309,-0.102960588,0.26898
CC(N)C(=C)CF,0.322708389,-0.102801424,0.26269
CC(O)C(=C)CF,0.347763826,-0.079020112,0.25244
CCC(=C)C(C)F,0.335209517,-0.103990122,0.27024
CC(F)C(=C)CN,0.33163859,-0.08954742,0.25511
CC(F)C(=C)CO,0.340996513,-0.090876279,0.26274
CC(F)C(=C)CF,0.358879776,-0.07975377,0.26492
CCC(=C)C(F)F,0.358659435,-0.089246301,0.26997
NCC(=C)C(F)F,0.337349779,-0.091351481,0.24943
OCC(=C)C(F)F,0.354077169,-0.087783383,0.26412
FCC(=C)C(F)F,0.376576658,-0.077304865,0.26967
CC(C)C(=O)CF,0.344339463,-0.064934512,0.22637
CC(O)C(=O)CF,0.362920595,-0.04838835,0.22659
CCC(=O)C(C)F,0.343146982,-0.068640389,0.22861
CC(F)C(=O)CO,0.366141541,-0.051089927,0.23155
CC(F)C(=O)CF,0.360588218,-0.048324325,0.21723
CCC(=O)C(F)F,0.364366401,-0.052527928,0.22225
OCC(=O)C(F)F,0.368987674,-0.052299948,0.22226
FCC(=O)C(F)F,0.380892732,-0.041242257,0.22032
CNC(=N)C(C)F,0.316052956,-0.118419752,0.26339
CC(F)C(=N)NN,0.322533248,-0.107734455,0.25599
CC(F)C(=N)NO,0.317998296,-0.094037386,0.22935
CNC(=N)C(F)F,0.333789848,-0.100600915,0.25353
NNC(=N)C(F)F,0.340566295,-0.100970273,0.25796
ONC(=N)C(F)F,0.360095072,-0.085963736,0.25703
CNC(=O)C(C)F,0.34639193,-0.111829948,0.27677
CC(F)C(=O)NN,0.349316802,-0.105766582,0.27501
CC(F)C(=O)NO,0.343494672,-0.094244351,0.24727
CNC(=O)C(F)F,0.360398879,-0.093965672,0.26601
NNC(=O)C(F)F,0.36641805,-0.087541028,0.26401
ONC(=O)C(F)F,0.358494283,-0.077186186,0.23625
COC(=C)C(C)F,0.317299127,-0.120826108,0.26572
COC(=C)C(F)F,0.335038988,-0.103495343,0.25703
COC(=O)C(C)F,0.37226959,-0.093490085,0.27867
COC(=O)C(F)F,0.39199302,-0.077000425,0.27078
CN(C)C(=N)CF,0.306442567,-0.101509955,0.24168
CN(N)C(=N)CF,0.311489569,-0.100234819,0.24549
CN(O)C(=N)CF,0.32712688,-0.097439422,0.25067
CN(C)C(=O)CF,0.329456576,-0.097787605,0.25523
CN(N)C(=O)CF,0.332481891,-0.096239548,0.2539
CN(O)C(=O)CF,0.34600913,-0.090489606,0.26046
CC(F)C(=C)C=C,0.31812523,-0.054279363,0.21052
CC(F)C(=C)C=O,0.351528655,-0.018328812,0.18861
CC(F)C(=C)C#N,0.371239385,-0.031833408,0.23127
FC(F)C(=C)C=C,0.330092165,-0.04271516,0.20627
FC(F)C(=C)C=O,0.36521626,-0.00741849,0.18633
FC(F)C(=C)C#N,0.394091425,-0.017705713,0.23191
CC(F)C(=O)C=C,0.343889292,-0.016855706,0.18639
CC(F)C(=O)C=O,0.357021216,0.016004286,0.15237
CC(F)C(=O)C#N,0.399987319,0.011106543,0.20242
FC(F)C(=O)C=C,0.36444708,-0.006655173,0.18907
FC(F)C(=O)C=O,0.373917751,0.026028215,0.15198
FC(F)C(=O)C#N,0.420437249,0.025198543,0.19976
CC(F)C(=C)C#C,0.328047626,-0.05455312,0.21695
FC(F)C(=C)C#C,0.344397279,-0.041830792,0.21383
CC(F)C(=O)C#C,0.362442303,-0.015395614,0.1998
FC(F)C(=O)C#C,0.381130979,-0.003464058,0.1987
CC(=C)C(=C)CF,0.315386612,-0.065162071,0.22087
CC(=O)C(=C)CF,0.347508491,-0.023011236,0.19509
NC(=N)C(=C)CF,0.317835438,-0.052213782,0.20219
NC(=O)C(=C)CF,0.343493789,-0.044120463,0.20998
OC(=O)C(=C)CF,0.36641249,-0.02982343,0.21552
CCC(=C)C(F)=C,0.315304102,-0.054481144,0.20755
NCC(=C)C(F)=C,0.312134254,-0.059683511,0.21031
OCC(=C)C(F)=C,0.31513498,-0.057447249,0.20795
FCC(=C)C(F)=C,0.326403739,-0.047151472,0.20626
CC(=C)C(=O)CF,0.347471482,-0.022438587,0.19509
CC(=O)C(=O)CF,0.343292586,-0.002441819,0.1616
NC(=N)C(=O)CF,0.347976091,-0.025535346,0.19424
NC(=O)C(=O)CF,0.34871241,-0.014307319,0.17688
OC(=O)C(=O)CF,0.378297688,0.006925255,0.17905
CCC(=O)C(F)=C,0.351862493,-0.024833462,0.19935
OCC(=O)C(F)=C,0.361336105,-0.024360456,0.1989
FCC(=O)C(F)=C,0.36683706,-0.014133245,0.19816
CNC(=N)C(F)=C,0.308738166,-0.062806781,0.20623
NNC(=N)C(F)=C,0.311846293,-0.062996268,0.20745
ONC(=N)C(F)=C,0.328791984,-0.05057061,0.21086
CNC(=O)C(F)=C,0.345461846,-0.051371057,0.22399
NNC(=O)C(F)=C,0.358188694,-0.04601782,0.22714
ONC(=O)C(F)=C,0.340432346,-0.034597227,0.19414
COC(=C)C(F)=C,0.30776896,-0.062761189,0.20728
COC(=O)C(F)=C,0.372129936,-0.038251219,0.2244
FC(=C)C(=C)C=C,0.309775371,-0.034360534,0.19111
FC(=C)C(=C)C=O,0.333726829,-0.000124076,0.17077
FC(=C)C(=C)C#N,0.345977754,-0.006161377,0.18922
FC(=C)C(=O)C=C,0.356357382,0.004625026,0.17964
FC(=C)C(=O)C=O,0.356361714,0.029906461,0.14707
FC(=C)C(=O)C#N,0.399904448,0.03590978,0.18167
FC(=C)C(=C)C#C,0.316060599,-0.02797467,0.18884
FC(=C)C(=O)C#C,0.369020568,0.00928716,0.18733
CC(C)C(C)=CF,0.320727022,-0.1171539,0.26643
CC(N)C(C)=CF,0.319088772,-0.106848273,0.26496
CC(O)C(C)=CF,0.332292746,-0.102101668,0.26328
CC=C(C)C(C)F,0.317560683,-0.106427999,0.26202
CC(F)C(C)=CF,0.332643995,-0.108637879,0.26597
CC=C(C)C(F)F,0.339995319,-0.092558954,0.26226
CC(=CF)C(F)F,0.357175369,-0.093578475,0.26559
CC=C(F)C(C)C,0.319708541,-0.117485982,0.26825
CC(C)C(F)=CF,0.334386376,-0.119376303,0.26987
CC=C(F)C(C)N,0.315375848,-0.112672502,0.26755
CC(N)C(F)=CF,0.328687091,-0.112489778,0.27027
CC=C(F)C(C)O,0.333010394,-0.106422767,0.26745
CC(O)C(F)=CF,0.347348782,-0.106814767,0.26828
CC=C(F)C(C)F,0.332728598,-0.109708432,0.26925
CC(F)C(F)=CF,0.348877287,-0.109908396,0.27022
CC=C(F)C(F)F,0.35645638,-0.091308602,0.26378
FC=C(F)C(F)F,0.375300539,-0.090840696,0.26474
CC(F)C(C)=NN,0.315301509,-0.091950756,0.23457
CC(F)C(C)=NO,0.346616696,-0.085680555,0.25284
CC(=NN)C(F)F,0.332443639,-0.081392955,0.23321
CC(=NO)C(F)F,0.366581468,-0.076281811,0.25381
CC(=C)C(C)=CF,0.302336331,-0.061845557,0.20457
CC(=O)C(C)=CF,0.339346447,-0.036410075,0.20054
CC(=CF)C(N)=N,0.322390158,-0.061017416,0.21734
CC(=CF)C(N)=O,0.338806063,-0.06184228,0.22785
CC(=CF)C(O)=O,0.361302488,-0.043918435,0.22707
CC=C(C)C(F)=C,0.301534922,-0.058458027,0.20371
CC(=CF)C(F)=C,0.314673459,-0.056957153,0.2053
CC=C(F)C(C)=C,0.300897871,-0.057550883,0.20162
CC(=C)C(F)=CF,0.313678357,-0.054591718,0.20139
CC=C(F)C(C)=O,0.347051138,-0.029235345,0.2009
CC(=O)C(F)=CN,0.301383614,-0.05191981,0.18181
CC(=O)C(F)=CF,0.364584666,-0.025032744,0.20246
CC=C(F)C(N)=N,0.323091796,-0.054428233,0.21425
NC=C(F)C(N)=N,0.291829246,-0.071421979,0.19805
NC(=N)C(F)=CF,0.320697538,-0.061191569,0.20966
CC=C(F)C(N)=O,0.340003516,-0.056095085,0.22631
NC=C(F)C(N)=O,0.299447526,-0.076766005,0.20342
NC(=O)C(F)=CF,0.355773123,-0.053165983,0.22683
CC=C(F)C(O)=O,0.363392603,-0.036807627,0.22341
NC=C(F)C(O)=O,0.316616144,-0.060631247,0.20031
OC(=O)C(F)=CF,0.381237605,-0.032962586,0.22354
CC=C(F)C(F)=C,0.314691237,-0.052376793,0.20383
FC=C(F)C(F)=C,0.328912622,-0.049400082,0.20401
CC(=NN)C(F)=C,0.291576443,-0.051505181,0.18172
CC(=NO)C(F)=C,0.315146713,-0.044452882,0.19231
CC(C)=C(C)CF,0.312201008,-0.090866243,0.24459
CCC(C)=C(C)F,0.30702858,-0.112570568,0.2579
CC(F)=C(C)CN,0.307759275,-0.106522816,0.25741
CC(F)=C(C)CO,0.32021449,-0.100161423,0.25593
CC(F)=C(C)CF,0.327653288,-0.098509484,0.2568
CCC(C)=C(F)F,0.324070407,-0.122029487,0.27173
CC(CN)=C(F)F,0.323170264,-0.113101828,0.27018
CC(CO)=C(F)F,0.337567471,-0.107595467,0.26869
CC(CF)=C(F)F,0.347528613,-0.105529862,0.26912
CCC(F)=C(C)C,0.307290437,-0.11189429,0.25821
CC(C)=C(F)CN,0.306642187,-0.105272079,0.25642
CC(C)=C(F)CO,0.322632742,-0.101651962,0.2581
CC(C)=C(F)CF,0.324064444,-0.090976782,0.24595
CCC(F)=C(C)F,0.318735596,-0.114846388,0.2608
CC(F)=C(F)CN,0.315918305,-0.106005783,0.25751
CC(F)=C(F)CO,0.334454373,-0.100999387,0.25788
CC(F)=C(F)CF,0.344329532,-0.089318556,0.25126
CCC(F)=C(F)F,0.338118705,-0.120565125,0.27141
NCC(F)=C(F)F,0.332652687,-0.11056402,0.2684
OCC(F)=C(F)F,0.348383042,-0.097233267,0.26132
FCC(F)=C(F)F,0.366067705,-0.094873916,0.26144
COC(C)=C(C)F,0.298867753,-0.119193447,0.25167
COC(C)=C(F)F,0.30634993,-0.136958038,0.2621
CC(F)=C(C)C=C,0.292737179,-0.062819917,0.19911
CC(F)=C(C)C=O,0.343151465,-0.033249337,0.19591
CC(F)=C(C)C#N,0.342404062,-0.048073772,0.22349
CC(C=C)=C(F)F,0.307079966,-0.065732587,0.20572
CC(C=O)=C(F)F,0.362427955,-0.034243476,0.20385
CC(C#N)=C(F)F,0.36146374,-0.050902164,0.23237
CC(C)=C(F)C=C,0.293368093,-0.055085041,0.19313
CC(C)=C(F)C=O,0.340499555,-0.017422357,0.1881
CC(C)=C(F)C#N,0.345756926,-0.038650613,0.21738
CC(N)=C(F)C=O,0.295946963,-0.041550686,0.1676
CC(N)=C(F)C#N,0.308131447,-0.055727003,0.19559
CC(F)=C(F)C=C,0.303267041,-0.053861868,0.19338
CC(F)=C(F)C=O,0.356803506,-0.021176662,0.19638
CC(F)=C(F)C#N,0.359123125,-0.035744896,0.21717
NC(N)=C(F)C=O,0.290495286,-0.054608126,0.17561
NC(N)=C(F)C#N,0.299382018,-0.069923136,0.20159
FC(F)=C(F)C=C,0.319423815,-0.055222653,0.19932
FC(F)=C(F)C=O,0.378489175,-0.020656462,0.20267
FC(F)=C(F)C#N,0.38042805,-0.036642714,0.22476
CC(F)=C(C)C#C,0.30231317,-0.069402308,0.21146
CC(C#C)=C(F)F,0.318326685,-0.073352104,0.21965
CC(C)=C(F)C#C,0.306857392,-0.059940405,0.20731
CC(F)=C(F)C#C,0.31701603,-0.058509942,0.20671
FC(F)=C(F)C#C,0.334841086,-0.060725854,0.21374
CCC(CC)CF,0.382881125,-0.13790685,0.37814
CCC(CN)CF,0.334986662,-0.129852657,0.30136
CCC(CO)CF,0.363330571,-0.124094368,0.32362
CCC(CF)CF,0.39450434,-0.142556434,0.38797
NCC(CN)CF,0.317252294,-0.133651089,0.29807
NCC(CO)CF,0.335367638,-0.135883375,0.30863
NCC(CF)CF,0.344181216,-0.143604288,0.31521
OCC(CO)CF,0.35085999,-0.125271415,0.30828
OCC(CF)CF,0.372729557,-0.140410073,0.33977
FCC(CF)CF,0.407597538,-0.151865543,0.39654
CCC(CF)NC,0.314492762,-0.140822475,0.29883
CNC(CN)CF,0.306618363,-0.14135626,0.29963
CNC(CO)CF,0.330336564,-0.144461809,0.3195
CNC(CF)CF,0.330237244,-0.149317234,0.31134
CCC(CF)OC,0.346164331,-0.152281229,0.33792
COC(CN)CF,0.322716332,-0.136887392,0.30563
COC(CO)CF,0.343377608,-0.138778552,0.32667
COC(CF)CF,0.356678374,-0.144268563,0.33714
COC(CF)OC,0.347399184,-0.157244152,0.34542
CCC(CF)C=C,0.342841512,-0.104124103,0.27419
CCC(CF)C=O,0.351591583,-0.065275351,0.22451
CCC(CF)C#N,0.413269738,-0.11032063,0.34667
NCC(CF)C=C,0.323847698,-0.101443932,0.25915
OCC(CF)C=C,0.344779284,-0.096325576,0.27314
OCC(CF)C=O,0.35223316,-0.064794859,0.2251
OCC(CF)C#N,0.390277555,-0.103400439,0.3197
FCC(CF)C=C,0.356276813,-0.091236755,0.27155
FCC(CF)C=O,0.36668023,-0.056326776,0.2246
FCC(CF)C#N,0.419207555,-0.102982717,0.34539
CNC(CF)C=C,0.321743048,-0.093173709,0.23929
CNC(CF)C=O,0.328610456,-0.058807771,0.19757
CNC(CF)C#N,0.348455565,-0.112895132,0.27752
COC(CF)C=C,0.333123786,-0.101791685,0.26994
COC(CF)C=O,0.341664749,-0.059672264,0.21619
COC(CF)C#N,0.394386392,-0.088125462,0.29979
CCC(CF)C#C,0.363066021,-0.127806939,0.31366
NCC(CF)C#C,0.328692752,-0.124926984,0.2822
OCC(CF)C#C,0.35230218,-0.120045975,0.31302
FCC(CF)C#C,0.368748869,-0.121831315,0.3131
CNC(CF)C#C,0.322434809,-0.125534024,0.27691
COC(CF)C#C,0.357510772,-0.106376312,0.29648
FCC(C=C)C=C,0.33730568,-0.074327347,0.25528
FCC(C=C)C=O,0.342485463,-0.041337662,0.21399
FCC(C=C)C#N,0.376280454,-0.066807252,0.27051
FCC(C=O)C=O,0.357445927,-0.029000784,0.20942
FCC(C=O)C#N,0.389042333,-0.030134736,0.22721
FCC(C#N)C#N,0.435055534,-0.062745937,0.32575
FCC(C=C)C#C,0.34426204,-0.085231984,0.26813
FCC(C=O)C#C,0.352492943,-0.050002541,0.22049
FCC(C#C)C#N,0.385469006,-0.084013564,0.29438
FCC(C#C)C#C,0.350945182,-0.103788797,0.29429
CCC(CC)=CF,0.320333305,-0.115485943,0.26603
CCC(CN)=CF,0.317419494,-0.107762122,0.26377
CCC(CO)=CF,0.333611376,-0.101784792,0.26351
CCC(CF)=CC,0.323585527,-0.098068081,0.25859
CCC(CF)=CF,0.339520219,-0.098987223,0.26221
NCC(CN)=CF,0.308723089,-0.109009213,0.25931
NCC(CO)=CF,0.321570151,-0.095232383,0.25181
CC=C(CN)CF,0.317555988,-0.098888778,0.26051
NCC(CF)=CF,0.325974537,-0.100488232,0.25236
OCC(CO)=CF,0.339970065,-0.081723198,0.25384
CC=C(CO)CF,0.331734404,-0.092183688,0.25958
OCC(CF)=CF,0.338478028,-0.098998936,0.26118
CC=C(CF)CF,0.338051523,-0.090524663,0.25978
FCC(CF)=CF,0.355335256,-0.090572897,0.26291
CCC(CF)=NN,0.314221038,-0.093257572,0.23604
CCC(CF)=NO,0.343610572,-0.089611696,0.25516
NCC(CF)=NO,0.334691361,-0.083289532,0.23999
NN=C(CO)CF,0.315106369,-0.083020879,0.22326
OCC(CF)=NO,0.352035878,-0.080629731,0.25383
NN=C(CF)CF,0.333762775,-0.073207391,0.22891
ON=C(CF)CF,0.368177923,-0.069596547,0.25122
CNC(CF)=NC,0.295226386,-0.117078484,0.2471
CN=C(CF)NN,0.307898096,-0.108610277,0.24743
CN=C(CF)NO,0.308276875,-0.092256166,0.22459
NNC(CF)=NN,0.296386416,-0.111341978,0.23475
NN=C(CF)NO,0.303190457,-0.095335768,0.22368
ONC(CF)=NO,0.311779468,-0.100978074,0.23283
CCC(OC)=CF,0.309893775,-0.123336816,0.25916
COC(CN)=CF,0.302300522,-0.10877974,0.2444
COC(CO)=CF,0.312878309,-0.101574641,0.24194
COC(CF)=CC,0.301025915,-0.101157783,0.23612
COC(CF)=CF,0.318609785,-0.100730028,0.24036
COC(CF)=NN,0.300857427,-0.09550205,0.22028
COC(CF)=NO,0.326474859,-0.11380496,0.25646
CCC(=CF)C=C,0.305135434,-0.064021812,0.20627
CCC(=CF)C=O,0.350593702,-0.030882772,0.20144
CCC(=CF)C#N,0.357439144,-0.043370575,0.22778
NCC(=CF)C=C,0.305685199,-0.066840468,0.21226
OCC(=CF)C=C,0.313130097,-0.063800915,0.21284
OCC(=CF)C=O,0.343341299,-0.026119369,0.19326
OCC(=CF)C#N,0.360810951,-0.037372656,0.22753
CC=C(CF)C=C,0.30353544,-0.054919481,0.2024
FCC(=CF)C=C,0.318441041,-0.053064446,0.20504
CC=C(CF)C=O,0.347805964,-0.023104996,0.19726
CC=C(CF)C#N,0.355210519,-0.031907107,0.2217
NC=C(CF)C=O,0.31002885,-0.051787441,0.19396
NC=C(CF)C#N,0.310293533,-0.057133736,0.20185
FCC(=CF)C=O,0.360868624,-0.017684003,0.19361
FCC(=CF)C#N,0.378938663,-0.028336331,0.22826
NN=C(CF)C=C,0.295803994,-0.045688752,0.1797
ON=C(CF)C=C,0.318674403,-0.037662298,0.1891
ON=C(CF)C=O,0.357911926,-0.008242195,0.18043
ON=C(CF)C#N,0.378623129,-0.016923513,0.21587
COC(=CF)C=C,0.293572854,-0.069080787,0.19763
COC(=CF)C=O,0.330106287,-0.031119701,0.18016
COC(=CF)C#N,0.339765769,-0.051837048,0.21443
CCC(=CF)C#C,0.315710939,-0.065350163,0.21496
NCC(=CF)C#C,0.312419159,-0.062421588,0.21405
OCC(=CF)C#C,0.321238231,-0.059059196,0.213
CC=C(CF)C#C,0.313450244,-0.057492567,0.21122
FCC(=CF)C#C,0.332616543,-0.051597479,0.2125
NN=C(CF)C#C,0.304739966,-0.044644762,0.1849
ON=C(CF)C#C,0.334897485,-0.041433432,0.20449
COC(=CF)C#C,0.304344095,-0.073642046,0.20939
FC=C(C=C)C=C,0.300415512,-0.044126294,0.19066
FC=C(C=C)C=O,0.329014812,-0.012595162,0.17644
FC=C(C=C)C#N,0.336686196,-0.017373,0.19191
FC=C(C=O)C=O,0.350001364,0.011707272,0.1652
FC=C(C=O)C#N,0.380757311,0.014263406,0.1865
FC=C(C#N)C#N,0.392764753,0.01552322,0.20509
FC=C(C=C)C#C,0.305350631,-0.038171521,0.18753
FC=C(C=O)C#C,0.343369046,-0.008325322,0.18137
FC=C(C#C)C#N,0.34978895,-0.009572361,0.19349
FC=C(C#C)C#C,0.314884024,-0.032301486,0.18864
CCCCCCF,0.381238448,-0.146907211,0.39136
NCCCCCF,0.333487624,-0.147865593,0.31482
OCCCCCF,0.363513029,-0.143790672,0.34123
FCCCCCF,0.387928191,-0.155846297,0.40192
CNCCCCF,0.315324183,-0.148235498,0.30141
COCCCCF,0.348702043,-0.156590468,0.34468
CCNCCCF,0.31226179,-0.151623659,0.30631
CCOCCCF,0.346148895,-0.154382862,0.34457
CCCNCCF,0.315922626,-0.154270231,0.31368
NCCNCCF,0.297747677,-0.147381278,0.29454
OCCNCCF,0.31594008,-0.131279763,0.28452
FCCNCCF,0.330885235,-0.148716963,0.31416
CCCOCCF,0.355898973,-0.148377059,0.34127
NCCOCCF,0.330348782,-0.139986274,0.30779
OCCOCCF,0.351151543,-0.128401154,0.32351
FCCOCCF,0.371416409,-0.136570742,0.33585
COCOCCF,0.364018552,-0.15285265,0.35922
FCCCCC=C,0.343617432,-0.104744931,0.27472
FCCCCC=O,0.354000281,-0.075858159,0.23312
FCCCCC#N,0.40071226,-0.112285242,0.35199
FCCCNC=N,0.320164203,-0.126371432,0.27158
FCCCNC=O,0.345968808,-0.118957333,0.27912
FCCCNN=C,0.308209952,-0.100296453,0.22783
FCCCOC=C,0.313234529,-0.122116978,0.25719
FCCCOC=O,0.385520121,-0.102836325,0.2874
FCCCON=C,0.34377411,-0.091481635,0.24621
FCCNCC=C,0.316149057,-0.101749186,0.24278
FCCNCC=O,0.32782675,-0.069232467,0.21168
FCCNCC#N,0.349273528,-0.101027866,0.27237
FCCNNC=N,0.326837648,-0.125191659,0.27507
FCCNNC=O,0.343286948,-0.107371684,0.26444
FCCOCC=C,0.342619545,-0.091558443,0.26663
FCCOCC=O,0.360838663,-0.065646293,0.2285
FCCOCC#N,0.387697552,-0.081931728,0.29263
FCCONC=N,0.346621963,-0.105110391,0.27235
FCCONC=O,0.364128219,-0.090235517,0.26603
FCCCCC#C,0.359686807,-0.123966411,0.31303
FCCNCC#C,0.326241957,-0.110812971,0.2723
FCCOCC#C,0.349841264,-0.101129943,0.28686
CCCCC=CF,0.33386703,-0.115597127,0.27143
NCCCC=CF,0.310754574,-0.11233853,0.26132
OCCCC=CF,0.329443864,-0.109910947,0.272
CC=CCCCF,0.323502509,-0.113300224,0.26838
FCCCC=CF,0.340395903,-0.114201277,0.27158
NN=CCCCF,0.316158557,-0.093837598,0.23396
ON=CCCCF,0.346410031,-0.089737331,0.25298
CNCCC=CF,0.308920928,-0.114881134,0.24779
COCCC=CF,0.328901059,-0.111810275,0.27101
CCNCC=CF,0.312523621,-0.108300687,0.24566
CCOCC=CF,0.328202129,-0.12285882,0.27249
CN=CNCCF,0.30117765,-0.11811453,0.25247
NN=CNCCF,0.278540621,-0.113838331,0.22139
ON=CNCCF,0.29609817,-0.116219366,0.2338
CC=NNCCF,0.299443263,-0.101203337,0.22853
CCCOC=CF,0.313509126,-0.123604421,0.25571
NCCOC=CF,0.305771868,-0.117676592,0.25578
OCCOC=CF,0.315113532,-0.114115671,0.25623
CC=COCCF,0.305244315,-0.119930615,0.25362
FCCOC=CF,0.326459463,-0.118036122,0.25732
NN=COCCF,0.296910651,-0.116440313,0.23566
ON=COCCF,0.319173309,-0.114784753,0.24834
COCOC=CF,0.319952753,-0.123118334,0.25698
CC=NOCCF,0.335824259,-0.090567746,0.24707
FC=CCCC=C,0.319362502,-0.089876312,0.25968
FC=CCCC=O,0.326567146,-0.068370424,0.21992
FC=CCCC#N,0.357258773,-0.085257252,0.2696
FC=CCNC=N,0.313337498,-0.087623811,0.23403
FC=CCNC=O,0.33092436,-0.08363295,0.25398
FC=CCNN=C,0.309062682,-0.083426971,0.22875
FC=CCOC=C,0.311501375,-0.089527288,0.23042
FC=CCOC=O,0.35217297,-0.079615187,0.26227
FC=CCON=C,0.332623131,-0.074936748,0.24478
FC=COCC=C,0.313667452,-0.083536362,0.22349
FC=COCC=O,0.328563168,-0.053362056,0.19621
FC=COCC#N,0.345166695,-0.075922308,0.24311
FC=CCCC#C,0.328183325,-0.09996916,0.26786
FC=COCC#C,0.319819894,-0.093726714,0.24729
CC#CCCCF,0.333109253,-0.13554217,0.30392
CC=CCC=CF,0.316069583,-0.085047541,0.25048
FC=CCC=CF,0.32830686,-0.083090777,0.25219
NN=CCC=CF,0.308192638,-0.07717299,0.22669
ON=CCC=CF,0.331203952,-0.070877284,0.24168
CN=CNC=CF,0.280511886,-0.0882134,0.21236
NNC=NC=CF,0.27764545,-0.079206744,0.19729
ON=CNC=CF,0.275537441,-0.089032018,0.20366
CC=COC=CF,0.285459316,-0.099249469,0.22925
FC=COC=CF,0.307188591,-0.087029131,0.22952
NN=COC=CF,0.289261909,-0.089225833,0.21847
ON=COC=CF,0.307062152,-0.085365341,0.22634
CC#CCC=CF,0.322610507,-0.1005275,0.26387
CCCC=CCF,0.329924016,-0.106705856,0.26844
NCCC=CCF,0.315837737,-0.105397493,0.25552
OCCC=CCF,0.332330684,-0.101549966,0.26813
CCC=CCCF,0.326942628,-0.100720939,0.26496
NCC=CCCF,0.319456214,-0.094028901,0.25049
OCC=CCCF,0.330977561,-0.089348335,0.25995
FCCC=CCF,0.339163591,-0.098412118,0.26727
COC=CCCF,0.30089714,-0.112453069,0.24751
CNCC=CCF,0.306216219,-0.099464122,0.23508
COCC=CCF,0.328940289,-0.095395637,0.26173
CNN=CCCF,0.298186183,-0.092260748,0.2221
CON=CCCF,0.330513381,-0.084109223,0.24046
CCOC=CCF,0.300597058,-0.120336339,0.25029
CCNN=CCF,0.30712079,-0.083655582,0.21976
CCON=CCF,0.340684195,-0.074714544,0.23798
FCCC=CC=C,0.303470277,-0.054470094,0.20097
FCCC=CC=O,0.345821854,-0.025135227,0.19173
FCCC=CC#N,0.36224611,-0.03146783,0.22554
FCCC=NN=C,0.327049673,-0.04116425,0.19873
FCCC=CC#C,0.317571326,-0.054255185,0.20955
FCC=CCC=C,0.32353744,-0.078493263,0.25162
FCC=CCC=O,0.340506186,-0.060866583,0.22905
FCC=CCC#N,0.362909401,-0.072673156,0.26742
FCC=CNC=N,0.294934439,-0.077979125,0.21431
FCC=CNC=O,0.3246412,-0.058798173,0.22056
FCC=COC=C,0.292807988,-0.09328745,0.23145
FCC=COC=O,0.341042524,-0.06398324,0.23232
FCC=NNC=N,0.320571595,-0.047797863,0.20384
FCC=NNC=O,0.346796429,-0.042925717,0.22134
FCC=NOC=O,0.38557482,-0.04123453,0.24754
FCC=CCC#C,0.332409509,-0.090505324,0.26507
CC=CC=CCF,0.293024558,-0.059352581,0.19879
CCC=CC=CF,0.296255593,-0.061705864,0.19982
NCC=CC=CF,0.296217319,-0.057434827,0.199
OCC=CC=CF,0.302648292,-0.053748214,0.19837
FCC=CC=CF,0.306039402,-0.058268909,0.20075
COC=CC=CF,0.276544064,-0.073413954,0.19034
NN=CC=CCF,0.288641509,-0.053157082,0.18316
ON=CC=CCF,0.313122492,-0.044752937,0.19389
CNN=CC=CF,0.279142053,-0.056204906,0.17698
CON=CC=CF,0.30660205,-0.046103106,0.189
CC=NN=CCF,0.327675402,-0.038100823,0.20034
FC=CC=CC=C,0.282699996,-0.028140043,0.16347
FC=CC=CC=O,0.33057785,-0.000239894,0.17183
FC=CC=CC#N,0.330153829,-0.004016134,0.17595
FC=CC=NN=C,0.323050667,-0.015310277,0.17832
FC=CC=CC#C,0.294602099,-0.025342729,0.16796
CC#CC=CCF,0.303840842,-0.061262498,0.20657
CCCC#CCF,0.34355041,-0.109935316,0.28228
NCCC#CCF,0.325043558,-0.107771481,0.2688
OCCC#CCF,0.345836649,-0.106458974,0.28447
CCC#CCCF,0.340625016,-0.125370768,0.3023
NCC#CCCF,0.324918325,-0.112064608,0.27843
OCC#CCCF,0.338144473,-0.101868457,0.27926
FCCC#CCF,0.357903041,-0.101022937,0.28458
CNCC#CCF,0.31952853,-0.107635595,0.2536
COCC#CCF,0.342837474,-0.100498358,0.28038
FCCC#CC=C,0.319063909,-0.055234564,0.21025
FCCC#CC=O,0.362264584,-0.024687595,0.20343
FCCC#CC#N,0.377213214,-0.039850446,0.24467
FCCC#CC#C,0.336181717,-0.060829092,0.22882
FCC#CCC=C,0.33538703,-0.083952682,0.26437
FCC#CCC=O,0.344313379,-0.053219069,0.22121
FCC#CCC#N,0.377229857,-0.075882407,0.28417
FCC#CCC#C,0.344958608,-0.093379829,0.28081
CC=CC#CCF,0.315811182,-0.046153052,0.20513
CCC#CC=CF,0.307106563,-0.064987024,0.2087
NCC#CC=CF,0.30685765,-0.059144468,0.20787
OCC#CC=CF,0.318252186,-0.052714873,0.20788
FCC#CC=CF,0.330532724,-0.044625195,0.20747
NN=CC#CCF,0.3069518,-0.040470677,0.1859
ON=CC#CCF,0.333574478,-0.031967998,0.19766
FC=CC#CC=C,0.294782701,-0.026244869,0.17094
FC=CC#CC=O,0.343500551,0.004318518,0.17692
FC=CC#CC#N,0.346801309,-0.00179228,0.18745
FC=CC#CC#C,0.309159718,-0.024713644,0.17933
CC#CC#CCF,0.321387339,-0.052086949,0.21328
